epoch,time,train/box_loss,train/cls_loss,train/dfl_loss,metrics/precision(B),metrics/recall(B),metrics/mAP50(B),metrics/mAP50-95(B),val/box_loss,val/cls_loss,val/dfl_loss,lr/pg0,lr/pg1,lr/pg2
1,11.3408,0.58687,0.53829,0.78707,0.94962,0.95139,0.94183,0.38265,1.94562,0.81208,0.94553,2.9e-05,2.9e-05,2.9e-05
2,21.9477,0.51177,0.35699,0.78235,0.95706,0.94444,0.94776,0.39949,1.92894,0.75258,0.94172,4.625e-05,4.625e-05,4.625e-05
3,32.3349,0.46902,0.30477,0.77692,0.9572,0.95139,0.94291,0.39451,1.94003,0.76348,0.94397,4.25e-05,4.25e-05,4.25e-05
4,43.0438,0.43316,0.27085,0.77441,0.95742,0.94444,0.94664,0.40648,1.93575,0.75865,0.946,3.875e-05,3.875e-05,3.875e-05
5,53.4493,0.40715,0.25669,0.77217,0.95066,0.95139,0.94904,0.40566,1.93186,0.75682,0.94773,3.5e-05,3.5e-05,3.5e-05
6,61.4859,0.36389,0.23374,0.77186,0.9652,0.94444,0.94798,0.41181,1.89361,0.79784,0.93793,3.125e-05,3.125e-05,3.125e-05
7,75.0766,0.33213,0.21873,0.76899,0.96489,0.95139,0.95278,0.41438,1.91424,0.76232,0.94117,2.75e-05,2.75e-05,2.75e-05
8,88.3812,0.32317,0.21294,0.76935,0.96962,0.95139,0.95902,0.41509,1.92466,0.78254,0.94658,2.375e-05,2.375e-05,2.375e-05
9,101.845,0.29557,0.1995,0.76687,0.96502,0.95805,0.95975,0.41854,1.91954,0.78335,0.94451,2e-05,2e-05,2e-05
10,115.522,0.2661,0.18796,0.76636,0.96436,0.95833,0.95683,0.41486,1.90606,0.81117,0.94184,1.625e-05,1.625e-05,1.625e-05
11,128.99,0.25481,0.17963,0.76504,0.96485,0.95833,0.96241,0.42791,1.90683,0.80053,0.94137,1.25e-05,1.25e-05,1.25e-05
12,141.351,0.23718,0.17246,0.76567,0.96447,0.95833,0.96097,0.42495,1.90985,0.79976,0.94202,8.75e-06,8.75e-06,8.75e-06
