seed,image_id,stem,machine,group,low_confidence,cross_model_disagreement,count_difference,dfine_count,yolo_count,missed_gt,gt_count,final_alarm_boxes
20260929,1,002_20200622_203053(2),M1,M1_20200622,0.3297491669654846,0.1934302557384875,0,3,3,0,3,3
20260929,2,002_20200622_203057(3),M1,M1_20200622,0.3705365061759949,0.1765111883520234,0,3,3,0,3,3
20260929,3,002_20200622_203101(3),M1,M1_20200622,0.3585231900215149,0.1734973721852867,0,3,3,0,3,3
20260929,4,002_20200622_203105(4),M1,M1_20200622,0.33776986598968506,0.15703377299930688,0,3,3,0,3,3
20260929,5,002_20200622_203109(3),M1,M1_20200622,0.3532533645629883,0.1683066910329467,0,3,3,0,3,3
20260929,6,002_20200622_203121(4),M1,M1_20200622,0.3422294855117798,0.25505503017579423,0,3,3,0,3,3
20260929,7,002_20200629_082630(7),M1,M1_20200629,0.367880642414093,0.2115751177826285,0,3,3,0,3,3
20260929,8,002_20200629_082639(2),M1,M1_20200629,0.4548201560974121,0.16209720626482904,0,3,3,0,3,3
20260929,9,002_20200629_082642(2),M1,M1_20200629,0.3476911187171936,0.18543609701594066,0,3,3,0,3,3
20260929,10,002_20200629_082645(4),M1,M1_20200629,0.33500880002975464,0.17951116696827807,0,3,3,0,3,3
20260929,11,002_20200715_002443(4),M1,M1_20200715,0.37434524297714233,0.16351484294931795,0,3,3,0,3,3
20260929,12,002_20200715_002447(9),M1,M1_20200715,0.35510897636413574,0.11477841089443475,0,3,3,0,3,3
20260929,13,002_20200715_002456(9),M1,M1_20200715,0.32220566272735596,0.2273880495316939,0,3,3,0,3,3
20260929,14,002_20200715_002509(0),M1,M1_20200715,0.3774718642234802,0.18660849184957728,0,3,3,0,3,3
20260929,15,002_20200715_002513(4),M1,M1_20200715,0.34843599796295166,0.23441448527328435,0,3,3,0,3,3
20260929,16,002_20200907_184813(1),M1,M1_20200907,0.2765674591064453,0.08097539762779771,0,1,1,0,1,1
20260929,17,002_20200907_184815(7),M1,M1_20200907,0.2950323224067688,0.3164137903147717,0,1,1,0,1,1
20260929,18,002_20200907_184818(2),M1,M1_20200907,0.28381454944610596,0.2534665977144015,0,1,1,0,1,1
20260929,19,002_20200907_184823(7),M1,M1_20200907,0.28562837839126587,0.18970057509883587,0,1,1,0,1,1
20260929,20,002_20200907_184826(3),M1,M1_20200907,0.2821265459060669,0.12007093939701319,0,1,1,0,1,1
20260929,21,002_20200907_184828(8),M1,M1_20200907,0.2810196876525879,0.12169369685441944,0,1,1,0,1,1
20260929,22,002_20200907_204635(5),M1,M1_20200907,0.2877131700515747,0.22086006083535736,0,1,1,0,1,1
20260929,23,002_20200907_204640(0),M1,M1_20200907,0.257937490940094,0.15598552335730886,0,1,1,0,1,1
20260929,24,002_20200907_204644(5),M1,M1_20200907,0.2644098997116089,0.13297116339618886,0,1,1,0,1,1
20260929,25,002_20200907_204649(0),M1,M1_20200907,0.27568912506103516,0.18073199731607403,0,1,1,0,1,1
20260929,26,002_20200907_204653(4),M1,M1_20200907,0.27754759788513184,0.09966289908975734,0,1,1,0,1,1
20260929,27,002_20200622_203136(3),M2,M2_20200622,0.2993934154510498,0.1639833046188165,0,3,3,0,3,3
20260929,28,002_20200622_203140(8),M2,M2_20200622,0.3063632845878601,0.13197451340104938,0,3,3,0,3,3
20260929,29,002_20200622_203145(3),M2,M2_20200622,0.31342989206314087,0.17620837390291755,0,3,3,0,3,3
20260929,30,002_20200622_203149(8),M2,M2_20200622,0.3254527449607849,0.16632050498051265,0,3,3,0,3,3
20260929,31,002_20200622_203154(3),M2,M2_20200622,0.3026556372642517,0.1371646888722705,0,3,3,0,3,3
20260929,32,002_20200622_203158(8),M2,M2_20200622,0.31397372484207153,0.14537553233822686,0,3,3,0,3,3
20260929,33,002_20200625_003352(9),M2,M2_20200625,0.2936236262321472,0.14428126096377125,0,3,3,0,3,3
20260929,34,002_20200625_003357(4),M2,M2_20200625,0.33581650257110596,0.09290369802476428,0,3,3,0,3,3
20260929,35,002_20200625_003401(8),M2,M2_20200625,0.3060229420661926,0.14516338137371687,0,3,3,0,3,3
20260929,36,002_20200625_003406(3),M2,M2_20200625,0.30458611249923706,0.18231705731634384,0,3,3,0,3,3
20260929,37,002_20200625_003410(8),M2,M2_20200625,0.3228272795677185,0.07421825974334173,0,3,3,0,3,3
20260929,38,002_20200625_003415(4),M2,M2_20200625,0.3092108368873596,0.10619335071080105,0,3,3,0,3,3
20260929,39,002_20200906_003114(0),M2,M2_20200906,0.279216468334198,0.17663376519464213,0,1,1,0,1,1
20260929,40,002_20200906_003117(3),M2,M2_20200906,0.2763935327529907,0.15381916070792945,0,1,1,0,1,1
20260929,41,002_20200906_003120(8),M2,M2_20200906,0.2702239155769348,0.13398596428653664,0,1,1,0,1,1
20260929,42,002_20200906_003124(0),M2,M2_20200906,0.26930123567581177,0.0979446987746988,0,1,1,0,1,1
20260929,43,002_20200906_003127(3),M2,M2_20200906,0.2853068709373474,0.14021227303652228,0,1,1,0,1,1
20260929,44,002_20200906_003130(7),M2,M2_20200906,0.2734515070915222,0.1090271542497504,0,1,1,0,1,1
20260929,45,001_20200629_082825(1),M3,M3_20200629,0.3260514736175537,0.18360250634857544,0,3,3,0,3,3
20260929,46,001_20200629_082828(0),M3,M3_20200629,0.3071157932281494,0.1600491866075967,0,3,3,0,3,3
20260929,47,001_20200629_082831(0),M3,M3_20200629,0.3402157425880432,0.19886079906548026,0,3,3,0,3,3
20260929,48,001_20200629_082834(2),M3,M3_20200629,0.695441335439682,0.21515218484677423,0,3,3,1,3,3
20260929,49,001_20200629_082837(2),M3,M3_20200629,0.32436490058898926,0.1292604358571663,0,3,3,0,3,3
20260929,50,001_20200629_082840(2),M3,M3_20200629,0.3376120924949646,0.16821924902043284,0,3,3,0,3,3
20260929,51,001_20200629_082905(4),M3,M3_20200629,0.33431583642959595,0.20636536035715958,0,3,3,0,3,3
20260929,52,001_20200629_123107(1),M3,M3_20200629,0.32070666551589966,0.13319510772010723,0,3,3,0,3,3
20260929,53,001_20200629_123111(6),M3,M3_20200629,0.3268356919288635,0.20002450252159498,0,3,3,0,3,3
20260929,54,001_20200629_123116(1),M3,M3_20200629,0.3265240788459778,0.24209404615952934,0,3,3,0,3,3
20260929,55,001_20200629_123120(6),M3,M3_20200629,0.34118807315826416,0.23131363003500782,0,3,3,0,3,3
20260929,56,001_20200629_123125(2),M3,M3_20200629,0.3411635160446167,0.15321928191539624,0,3,3,0,3,3
20260929,57,001_20200727_204954(7),M3,M3_20200727,0.38929420709609985,0.27113389998688,0,1,1,0,1,1
20260929,58,001_20200727_204958(2),M3,M3_20200727,0.3128429055213928,0.18501491499075606,0,1,1,1,1,1
20260929,59,001_20200826_023328(3),M3,M3_20200826,0.3450850248336792,0.34361159940279795,0,1,1,0,1,2
20260929,60,001_20200826_023332(5),M3,M3_20200826,0.3294461965560913,0.3601272197269627,0,1,1,0,1,2
20260929,61,001_20200826_043252(8),M3,M3_20200826,0.37185603380203247,0.26574578870407717,0,1,1,0,1,1
20260929,62,001_20200826_043255(8),M3,M3_20200826,0.33769750595092773,0.2607388022564757,0,1,1,0,1,1
20260929,63,001_20200826_123711(3),M3,M3_20200826,0.7472916543483734,0.5936707874628985,1,2,1,0,1,2
20260929,64,001_20200826_123714(5),M3,M3_20200826,0.33496594429016113,0.3805405491144135,0,1,1,0,1,1
20260929,65,001_20200922_163332(2),M3,M3_20200922,0.26811325550079346,0.2826248244444838,0,1,1,1,1,1
20260929,66,001_20200922_163335(3),M3,M3_20200922,0.3050540089607239,0.3545043011115703,0,1,1,0,1,1
20260930,1,002_20200622_203053(2),M1,M1_20200622,0.3848123550415039,0.14614035864099495,0,3,3,0,3,3
20260930,2,002_20200622_203057(3),M1,M1_20200622,0.38622838258743286,0.19957389050022822,0,3,3,0,3,3
20260930,3,002_20200622_203101(3),M1,M1_20200622,0.3700940012931824,0.13522608211266396,0,3,3,0,3,3
20260930,4,002_20200622_203105(4),M1,M1_20200622,0.3800312280654907,0.15226705954667485,0,3,3,0,3,3
20260930,5,002_20200622_203109(3),M1,M1_20200622,0.3804582357406616,0.1912109887667247,0,3,3,0,3,4
20260930,6,002_20200622_203121(4),M1,M1_20200622,0.3787159323692322,0.14405167043412226,0,3,3,0,3,3
20260930,7,002_20200629_082630(7),M1,M1_20200629,0.3646056056022644,0.21484099400639156,0,3,3,0,3,3
20260930,8,002_20200629_082639(2),M1,M1_20200629,0.3787594437599182,0.1211574389085257,0,3,3,0,3,3
20260930,9,002_20200629_082642(2),M1,M1_20200629,0.3790000081062317,0.18136590643932016,0,3,3,0,3,3
20260930,10,002_20200629_082645(4),M1,M1_20200629,0.37548965215682983,0.09871348723748186,0,3,3,0,3,3
20260930,11,002_20200715_002443(4),M1,M1_20200715,0.37419724464416504,0.14246747190391418,0,3,3,0,3,3
20260930,12,002_20200715_002447(9),M1,M1_20200715,0.37926793098449707,0.17486001259602446,0,3,3,0,3,3
20260930,13,002_20200715_002456(9),M1,M1_20200715,0.36512917280197144,0.2240850346050921,0,3,3,0,3,3
20260930,14,002_20200715_002509(0),M1,M1_20200715,0.3674278259277344,0.16364450643192496,0,3,3,0,3,3
20260930,15,002_20200715_002513(4),M1,M1_20200715,0.39395880699157715,0.17204334729866166,0,3,3,0,3,3
20260930,16,002_20200907_184813(1),M1,M1_20200907,0.35591256618499756,0.2324560768414442,0,1,1,0,1,1
20260930,17,002_20200907_184815(7),M1,M1_20200907,0.3755272626876831,0.2512114016343545,0,1,1,0,1,1
20260930,18,002_20200907_184818(2),M1,M1_20200907,0.5060015022754669,0.6024156490673598,1,2,1,0,1,2
20260930,19,002_20200907_184823(7),M1,M1_20200907,0.3769116997718811,0.05901791558257907,0,1,1,0,1,1
20260930,20,002_20200907_184826(3),M1,M1_20200907,0.36959171295166016,0.1564395855057108,0,1,1,0,1,1
20260930,21,002_20200907_184828(8),M1,M1_20200907,0.3561933636665344,0.07518501733517424,0,1,1,0,1,1
20260930,22,002_20200907_204635(5),M1,M1_20200907,0.3841444253921509,0.184752810051104,0,1,1,0,1,1
20260930,23,002_20200907_204640(0),M1,M1_20200907,0.3646450638771057,0.19492207385848204,0,1,1,0,1,1
20260930,24,002_20200907_204644(5),M1,M1_20200907,0.35473424196243286,0.06878294413257602,0,1,1,0,1,1
20260930,25,002_20200907_204649(0),M1,M1_20200907,0.3769824504852295,0.2156094079296912,0,1,1,0,1,1
20260930,26,002_20200907_204653(4),M1,M1_20200907,0.358170747756958,0.25474663238266704,0,1,1,0,1,1
20260930,27,002_20200622_203136(3),M2,M2_20200622,0.3491639494895935,0.14643198026000537,0,3,3,0,3,3
20260930,28,002_20200622_203140(8),M2,M2_20200622,0.3578118085861206,0.12263506259045442,0,3,3,0,3,3
20260930,29,002_20200622_203145(3),M2,M2_20200622,0.3637794256210327,0.1317150637741854,0,3,3,0,3,3
20260930,30,002_20200622_203149(8),M2,M2_20200622,0.35832345485687256,0.10332333478394118,0,3,3,0,3,3
20260930,31,002_20200622_203154(3),M2,M2_20200622,0.3541392683982849,0.09256485370727685,0,3,3,0,3,3
20260930,32,002_20200622_203158(8),M2,M2_20200622,0.672714352607727,0.36150878482916515,1,4,3,0,3,4
20260930,33,002_20200625_003352(9),M2,M2_20200625,0.3574197292327881,0.13217788704500089,0,3,3,0,3,3
20260930,34,002_20200625_003357(4),M2,M2_20200625,0.3733527660369873,0.0957607723102799,0,3,3,0,3,3
20260930,35,002_20200625_003401(8),M2,M2_20200625,0.3601301908493042,0.20764514555328206,0,3,3,0,3,3
20260930,36,002_20200625_003406(3),M2,M2_20200625,0.3605644702911377,0.18569517643717504,0,3,3,0,3,3
20260930,37,002_20200625_003410(8),M2,M2_20200625,0.3639811873435974,0.174801814324272,0,3,3,0,3,3
20260930,38,002_20200625_003415(4),M2,M2_20200625,0.35782164335250854,0.1706210349171453,0,3,3,0,3,3
20260930,39,002_20200906_003114(0),M2,M2_20200906,0.3629996180534363,0.10223234436151296,0,1,1,0,1,1
20260930,40,002_20200906_003117(3),M2,M2_20200906,0.38016754388809204,0.2157896690323976,0,1,1,0,1,1
20260930,41,002_20200906_003120(8),M2,M2_20200906,0.37390148639678955,0.1730626634880058,0,1,1,0,1,1
20260930,42,002_20200906_003124(0),M2,M2_20200906,0.3622409701347351,0.17505258301462223,0,1,1,0,1,1
20260930,43,002_20200906_003127(3),M2,M2_20200906,0.377849817276001,0.25717555872333164,0,1,1,0,1,1
20260930,44,002_20200906_003130(7),M2,M2_20200906,0.3510761260986328,0.1180797688367975,0,1,1,0,1,1
20260930,45,001_20200629_082825(1),M3,M3_20200629,0.37860941886901855,0.1607556306690371,0,3,3,0,3,3
20260930,46,001_20200629_082828(0),M3,M3_20200629,0.3833460807800293,0.17794535356259544,0,3,3,0,3,3
20260930,47,001_20200629_082831(0),M3,M3_20200629,0.4279381036758423,0.2357899200185084,0,3,3,0,3,3
20260930,48,001_20200629_082834(2),M3,M3_20200629,0.4025057554244995,0.1609489624650262,0,3,3,1,3,3
20260930,49,001_20200629_082837(2),M3,M3_20200629,0.37546223402023315,0.13289881267080472,0,3,3,0,3,3
20260930,50,001_20200629_082840(2),M3,M3_20200629,0.39166098833084106,0.16100379483090055,0,3,3,0,3,3
20260930,51,001_20200629_082905(4),M3,M3_20200629,0.4082636833190918,0.23451452623998714,0,3,3,0,3,4
20260930,52,001_20200629_123107(1),M3,M3_20200629,0.36719048023223877,0.15748889891397566,0,3,3,0,3,3
20260930,53,001_20200629_123111(6),M3,M3_20200629,0.37199467420578003,0.16804610712811696,0,3,3,0,3,3
20260930,54,001_20200629_123116(1),M3,M3_20200629,0.3844042420387268,0.18200686196571747,0,3,3,0,3,3
20260930,55,001_20200629_123120(6),M3,M3_20200629,0.4012782573699951,0.1708242232958782,0,3,3,0,3,3
20260930,56,001_20200629_123125(2),M3,M3_20200629,0.373421847820282,0.2308754586455991,0,3,3,0,3,3
20260930,57,001_20200727_204954(7),M3,M3_20200727,0.4307117462158203,0.09831428897713146,0,1,1,0,1,1
20260930,58,001_20200727_204958(2),M3,M3_20200727,0.38364213705062866,0.24507112042423396,0,1,1,1,1,1
20260930,59,001_20200826_023328(3),M3,M3_20200826,0.38661056756973267,0.25981218253479255,0,1,1,0,1,1
20260930,60,001_20200826_023332(5),M3,M3_20200826,0.40463411808013916,0.3079750371044149,0,1,1,0,1,1
20260930,61,001_20200826_043252(8),M3,M3_20200826,0.41298747062683105,0.25006314568332244,0,1,1,0,1,1
20260930,62,001_20200826_043255(8),M3,M3_20200826,0.38849711418151855,0.3204180438595683,0,1,1,0,1,1
20260930,63,001_20200826_123711(3),M3,M3_20200826,0.38871657848358154,0.1254016805263911,0,1,1,0,1,1
20260930,64,001_20200826_123714(5),M3,M3_20200826,0.4060431122779846,0.3018314224061315,0,1,1,0,1,1
20260930,65,001_20200922_163332(2),M3,M3_20200922,0.369082510471344,0.2898741336823968,0,1,1,0,1,1
20260930,66,001_20200922_163335(3),M3,M3_20200922,0.4246577024459839,0.35289433369546785,0,1,1,0,1,1
20261001,1,002_20200622_203053(2),M1,M1_20200622,0.37085020542144775,0.25546937407205983,0,3,3,0,3,3
20261001,2,002_20200622_203057(3),M1,M1_20200622,0.3507893681526184,0.16473847252312146,0,3,3,0,3,3
20261001,3,002_20200622_203101(3),M1,M1_20200622,0.7177495658397675,0.36927447510436207,1,4,3,0,3,4
20261001,4,002_20200622_203105(4),M1,M1_20200622,0.36313438415527344,0.14535160034305095,0,3,3,0,3,3
20261001,5,002_20200622_203109(3),M1,M1_20200622,0.3513028621673584,0.17085899706070462,0,3,3,0,3,3
20261001,6,002_20200622_203121(4),M1,M1_20200622,0.36681216955184937,0.21684626762377157,0,3,3,0,3,3
20261001,7,002_20200629_082630(7),M1,M1_20200629,0.34800946712493896,0.2245371195307183,0,3,3,0,3,3
20261001,8,002_20200629_082639(2),M1,M1_20200629,0.36466628313064575,0.1647519120022839,0,3,3,0,3,4
20261001,9,002_20200629_082642(2),M1,M1_20200629,0.381169855594635,0.1842356704139766,0,3,3,0,3,3
20261001,10,002_20200629_082645(4),M1,M1_20200629,0.3548673391342163,0.10642419606431941,0,3,3,0,3,3
20261001,11,002_20200715_002443(4),M1,M1_20200715,0.3590167760848999,0.19466982686441547,0,3,3,0,3,3
20261001,12,002_20200715_002447(9),M1,M1_20200715,0.3449755311012268,0.1503787151726329,0,3,3,0,3,3
20261001,13,002_20200715_002456(9),M1,M1_20200715,0.3390239477157593,0.2544558606618642,0,3,3,0,3,3
20261001,14,002_20200715_002509(0),M1,M1_20200715,0.3597475290298462,0.14330527504334556,0,3,3,0,3,3
20261001,15,002_20200715_002513(4),M1,M1_20200715,0.37416648864746094,0.18724321664321852,0,3,3,0,3,3
20261001,16,002_20200907_184813(1),M1,M1_20200907,0.30082935094833374,0.11526022881922404,0,1,1,0,1,1
20261001,17,002_20200907_184815(7),M1,M1_20200907,0.3252718448638916,0.2733171787845029,0,1,1,0,1,1
20261001,18,002_20200907_184818(2),M1,M1_20200907,0.32812178134918213,0.25614447920468375,0,1,1,0,1,1
20261001,19,002_20200907_184823(7),M1,M1_20200907,0.3200332522392273,0.18651555590173285,0,1,1,0,1,1
20261001,20,002_20200907_184826(3),M1,M1_20200907,0.3264888525009155,0.21371177593850477,0,1,1,0,1,1
20261001,21,002_20200907_184828(8),M1,M1_20200907,0.3228636384010315,0.12208924964114765,0,1,1,0,1,1
20261001,22,002_20200907_204635(5),M1,M1_20200907,0.33925068378448486,0.18540635919735993,0,1,1,0,1,1
20261001,23,002_20200907_204640(0),M1,M1_20200907,0.3215828537940979,0.2895551318897943,0,1,1,0,1,1
20261001,24,002_20200907_204644(5),M1,M1_20200907,0.31860172748565674,0.14233201548112195,0,1,1,0,1,1
20261001,25,002_20200907_204649(0),M1,M1_20200907,0.3154333829879761,0.14027431103797683,0,1,1,0,1,1
20261001,26,002_20200907_204653(4),M1,M1_20200907,0.32620811462402344,0.1788530527791221,0,1,1,0,1,1
20261001,27,002_20200622_203136(3),M2,M2_20200622,0.3243151903152466,0.14186777213352597,0,3,3,0,3,3
20261001,28,002_20200622_203140(8),M2,M2_20200622,0.33873867988586426,0.11311831504301006,0,3,3,0,3,3
20261001,29,002_20200622_203145(3),M2,M2_20200622,0.35032713413238525,0.18906692212267584,0,3,3,0,3,3
20261001,30,002_20200622_203149(8),M2,M2_20200622,0.34605979919433594,0.12221952168802996,0,3,3,0,3,3
20261001,31,002_20200622_203154(3),M2,M2_20200622,0.3690808415412903,0.11195665163275803,0,3,3,0,3,3
20261001,32,002_20200622_203158(8),M2,M2_20200622,0.35560548305511475,0.16827227464601346,0,3,3,0,3,3
20261001,33,002_20200625_003352(9),M2,M2_20200625,0.34893423318862915,0.09063413538248677,0,3,3,0,3,3
20261001,34,002_20200625_003357(4),M2,M2_20200625,0.34495556354522705,0.11197259789989156,0,3,3,0,3,3
20261001,35,002_20200625_003401(8),M2,M2_20200625,0.36206501722335815,0.19117148428015973,0,3,3,0,3,3
20261001,36,002_20200625_003406(3),M2,M2_20200625,0.34987664222717285,0.19062133861471475,0,3,3,0,3,3
20261001,37,002_20200625_003410(8),M2,M2_20200625,0.34050899744033813,0.09269613527600418,0,3,3,0,3,3
20261001,38,002_20200625_003415(4),M2,M2_20200625,0.3447856307029724,0.10986901247208236,0,3,3,0,3,3
20261001,39,002_20200906_003114(0),M2,M2_20200906,0.30687814950942993,0.20019617772371667,0,1,1,0,1,1
20261001,40,002_20200906_003117(3),M2,M2_20200906,0.31123828887939453,0.09066237432779134,0,1,1,0,1,1
20261001,41,002_20200906_003120(8),M2,M2_20200906,0.31396543979644775,0.08844383910274523,0,1,1,0,1,1
20261001,42,002_20200906_003124(0),M2,M2_20200906,0.3092465400695801,0.2188992380978806,0,1,1,0,1,1
20261001,43,002_20200906_003127(3),M2,M2_20200906,0.3332099914550781,0.14212455955332715,0,1,1,0,1,1
20261001,44,002_20200906_003130(7),M2,M2_20200906,0.31885451078414917,0.11715899024006193,0,1,1,0,1,1
20261001,45,001_20200629_082825(1),M3,M3_20200629,0.38312822580337524,0.1382159576377192,0,3,3,0,3,3
20261001,46,001_20200629_082828(0),M3,M3_20200629,0.35606104135513306,0.17075175532501596,0,3,3,0,3,3
20261001,47,001_20200629_082831(0),M3,M3_20200629,0.3809558153152466,0.18626661841659564,0,3,3,0,3,3
20261001,48,001_20200629_082834(2),M3,M3_20200629,0.5660829842090607,0.21466260343150712,0,3,3,1,3,3
20261001,49,001_20200629_082837(2),M3,M3_20200629,0.3364139795303345,0.22827869005448187,0,3,3,0,3,3
20261001,50,001_20200629_082840(2),M3,M3_20200629,0.3614947199821472,0.1541953052988222,0,3,3,0,3,3
20261001,51,001_20200629_082905(4),M3,M3_20200629,0.37948495149612427,0.2005139592223656,0,3,3,0,3,3
20261001,52,001_20200629_123107(1),M3,M3_20200629,0.34564006328582764,0.1852230239671141,0,3,3,0,3,3
20261001,53,001_20200629_123111(6),M3,M3_20200629,0.3558487892150879,0.2057297577322128,0,3,3,0,3,3
20261001,54,001_20200629_123116(1),M3,M3_20200629,0.3904706835746765,0.20951764876075663,0,3,3,0,3,3
20261001,55,001_20200629_123120(6),M3,M3_20200629,0.4312976598739624,0.14908219778677323,0,3,3,0,3,3
20261001,56,001_20200629_123125(2),M3,M3_20200629,0.36792999505996704,0.21223303171426078,0,3,3,0,3,3
20261001,57,001_20200727_204954(7),M3,M3_20200727,0.37438011169433594,0.19060565963271192,0,1,1,0,1,1
20261001,58,001_20200727_204958(2),M3,M3_20200727,0.3476448059082031,0.19047387989352538,0,1,1,1,1,1
20261001,59,001_20200826_023328(3),M3,M3_20200826,0.3987120985984802,0.3471674268460594,0,1,1,0,1,1
20261001,60,001_20200826_023332(5),M3,M3_20200826,0.3933511972427368,0.42327965323956684,0,1,1,0,1,1
20261001,61,001_20200826_043252(8),M3,M3_20200826,0.39689767360687256,0.2754931145607963,0,1,1,0,1,2
20261001,62,001_20200826_043255(8),M3,M3_20200826,0.36818069219589233,0.32787337904741976,0,1,1,0,1,1
20261001,63,001_20200826_123711(3),M3,M3_20200826,0.3541819453239441,0.11279608234821059,0,1,1,0,1,1
20261001,64,001_20200826_123714(5),M3,M3_20200826,0.3606531620025635,0.29855611145700967,0,1,1,0,1,2
20261001,65,001_20200922_163332(2),M3,M3_20200922,0.3414090871810913,0.39555389949949793,0,1,1,0,1,1
20261001,66,001_20200922_163335(3),M3,M3_20200922,0.3823928236961365,0.5080039493038955,0,1,1,0,1,1
