seed,signal,budget_images,review_fraction,miss_gt_total,miss_gt_in_selected,miss_images_in_selected,fraction_missed_gt_covered,random_expected,random_p025,random_p975,tie_min,tie_max,selected_image_ids
20260929,low_confidence,4,0.06060606060606061,3,1,1,0.3333333333333333,0.1913,0.0,1.0,1,1,"63,48,8,57"
20260929,low_confidence,7,0.10606060606060606,3,1,1,0.3333333333333333,0.3275,0.0,2.0,1,1,"63,48,8,57,14,11,61"
20260929,low_confidence,14,0.21212121212121213,3,1,1,0.3333333333333333,0.6417,0.0,2.0,1,1,"63,48,8,57,14,11,61,2,7,3,12,5,15,9"
20260929,low_confidence,20,0.30303030303030304,3,1,1,0.3333333333333333,0.9128,0.0,3.0,1,1,"63,48,8,57,14,11,61,2,7,3,12,5,15,9,59,6,55,56,47,4"
20260929,cross_model_disagreement,4,0.06060606060606061,3,0,0,0.0,0.1913,0.0,1.0,0,0,"63,64,60,66"
20260929,cross_model_disagreement,7,0.10606060606060606,3,1,1,0.3333333333333333,0.3275,0.0,2.0,1,1,"63,64,60,66,59,17,65"
20260929,cross_model_disagreement,14,0.21212121212121213,3,1,1,0.3333333333333333,0.6417,0.0,2.0,1,1,"63,64,60,66,59,17,65,57,61,62,6,18,54,15"
20260929,cross_model_disagreement,20,0.30303030303030304,3,2,2,0.6666666666666666,0.9128,0.0,3.0,2,2,"63,64,60,66,59,17,65,57,61,62,6,18,54,15,55,13,22,48,7,51"
20260929,count_difference,4,0.06060606060606061,3,0,0,0.0,0.1913,0.0,1.0,0,3,"63,1,2,3"
20260929,count_difference,7,0.10606060606060606,3,0,0,0.0,0.3275,0.0,2.0,0,3,"63,1,2,3,4,5,6"
20260929,count_difference,14,0.21212121212121213,3,0,0,0.0,0.6417,0.0,2.0,0,3,"63,1,2,3,4,5,6,7,8,9,10,11,12,13"
20260929,count_difference,20,0.30303030303030304,3,0,0,0.0,0.9128,0.0,3.0,0,3,"63,1,2,3,4,5,6,7,8,9,10,11,12,13,14,15,16,17,18,19"
20260930,low_confidence,4,0.06060606060606061,2,0,0,0.0,0.1276,0.0,1.0,0,0,"32,18,57,47"
20260930,low_confidence,7,0.10606060606060606,2,0,0,0.0,0.2218,0.0,1.0,0,0,"32,18,57,47,66,61,51"
20260930,low_confidence,14,0.21212121212121213,2,1,1,0.5,0.4316,0.0,2.0,1,1,"32,18,57,47,66,61,51,64,60,48,55,15,50,63"
20260930,low_confidence,20,0.30303030303030304,2,1,1,0.5,0.6143,0.0,2.0,1,1,"32,18,57,47,66,61,51,64,60,48,55,15,50,63,62,59,2,1,54,22"
20260930,cross_model_disagreement,4,0.06060606060606061,2,0,0,0.0,0.1276,0.0,1.0,0,0,"18,32,66,62"
20260930,cross_model_disagreement,7,0.10606060606060606,2,0,0,0.0,0.2218,0.0,1.0,0,0,"18,32,66,62,60,64,65"
20260930,cross_model_disagreement,14,0.21212121212121213,2,1,1,0.5,0.4316,0.0,2.0,1,1,"18,32,66,62,60,64,65,59,43,26,17,61,58,47"
20260930,cross_model_disagreement,20,0.30303030303030304,2,1,1,0.5,0.6143,0.0,2.0,1,1,"18,32,66,62,60,64,65,59,43,26,17,61,58,47,51,16,56,13,40,25"
20260930,count_difference,4,0.06060606060606061,2,0,0,0.0,0.1276,0.0,1.0,0,2,"18,32,1,2"
20260930,count_difference,7,0.10606060606060606,2,0,0,0.0,0.2218,0.0,1.0,0,2,"18,32,1,2,3,4,5"
20260930,count_difference,14,0.21212121212121213,2,0,0,0.0,0.4316,0.0,2.0,0,2,"18,32,1,2,3,4,5,6,7,8,9,10,11,12"
20260930,count_difference,20,0.30303030303030304,2,0,0,0.0,0.6143,0.0,2.0,0,2,"18,32,1,2,3,4,5,6,7,8,9,10,11,12,13,14,15,16,17,19"
20261001,low_confidence,4,0.06060606060606061,2,1,1,0.5,0.1276,0.0,1.0,1,1,"3,48,55,59"
20261001,low_confidence,7,0.10606060606060606,2,1,1,0.5,0.2218,0.0,1.0,1,1,"3,48,55,59,61,60,54"
20261001,low_confidence,14,0.21212121212121213,2,1,1,0.5,0.4316,0.0,2.0,1,1,"3,48,55,59,61,60,54,45,66,9,47,51,57,15"
20261001,low_confidence,20,0.30303030303030304,2,1,1,0.5,0.6143,0.0,2.0,1,1,"3,48,55,59,61,60,54,45,66,9,47,51,57,15,1,31,62,56,6,8"
20261001,cross_model_disagreement,4,0.06060606060606061,2,0,0,0.0,0.1276,0.0,1.0,0,0,"66,60,65,3"
20261001,cross_model_disagreement,7,0.10606060606060606,2,0,0,0.0,0.2218,0.0,1.0,0,0,"66,60,65,3,59,62,64"
20261001,cross_model_disagreement,14,0.21212121212121213,2,0,0,0.0,0.4316,0.0,2.0,0,0,"66,60,65,3,59,62,64,23,61,17,18,1,13,49"
20261001,cross_model_disagreement,20,0.30303030303030304,2,1,1,0.5,0.6143,0.0,2.0,1,1,"66,60,65,3,59,62,64,23,61,17,18,1,13,49,7,42,6,48,20,56"
20261001,count_difference,4,0.06060606060606061,2,0,0,0.0,0.1276,0.0,1.0,0,2,"3,1,2,4"
20261001,count_difference,7,0.10606060606060606,2,0,0,0.0,0.2218,0.0,1.0,0,2,"3,1,2,4,5,6,7"
20261001,count_difference,14,0.21212121212121213,2,0,0,0.0,0.4316,0.0,2.0,0,2,"3,1,2,4,5,6,7,8,9,10,11,12,13,14"
20261001,count_difference,20,0.30303030303030304,2,0,0,0.0,0.6143,0.0,2.0,0,2,"3,1,2,4,5,6,7,8,9,10,11,12,13,14,15,16,17,18,19,20"
