image_id,gt_id,from_stage,query_id,encoder_index,from_iou,same_query_final_iou,any_query_final_best_iou,same_query_final_score
1,1,topk,264,1805,0.11030960083007812,0.5105201601982117,0.5838685035705566,0.7307863831520081
1,1,pre_bbox,49,1641,0.6800962686538696,0.5180601477622986,0.5838685035705566,0.452206015586853
1,1,decoder_1,49,1641,0.6469167470932007,0.5180601477622986,0.5838685035705566,0.452206015586853
1,1,decoder_2,260,1723,0.6548981070518494,0.5487378835678101,0.5838685035705566,0.2716657519340515
1,2,topk,216,1965,0.5569363832473755,0.9004720449447632,0.9004720449447632,0.73421311378479
1,2,pre_bbox,216,1965,0.91419517993927,0.9004720449447632,0.9004720449447632,0.73421311378479
1,2,decoder_1,216,1965,0.9100932478904724,0.9004720449447632,0.9004720449447632,0.73421311378479
1,2,decoder_2,62,1881,0.9045626521110535,0.892407238483429,0.9004720449447632,0.022303491830825806
1,3,topk,65,1960,0.40246114134788513,0.6162382364273071,0.6347352266311646,0.03205813840031624
1,3,pre_bbox,114,1957,0.6830969452857971,0.6347352266311646,0.6347352266311646,0.0221561212092638
1,3,decoder_1,180,1959,0.6053899526596069,0.6223935484886169,0.6347352266311646,0.024278853088617325
1,3,decoder_2,114,1957,0.6652343273162842,0.6347352266311646,0.6347352266311646,0.0221561212092638
2,4,topk,121,1721,0.22041065990924835,0.6833729147911072,0.7083781957626343,0.7941424250602722
2,4,pre_bbox,121,1721,0.6843323111534119,0.6833729147911072,0.7083781957626343,0.7941424250602722
2,4,decoder_1,121,1721,0.685270369052887,0.6833729147911072,0.7083781957626343,0.7941424250602722
2,4,decoder_2,175,1641,0.7600544095039368,0.7083781957626343,0.7083781957626343,0.03540174290537834
2,5,topk,58,1883,0.578422486782074,0.8317286968231201,0.8317286968231201,0.7648466229438782
2,5,pre_bbox,58,1883,0.8112951517105103,0.8317286968231201,0.8317286968231201,0.7648466229438782
2,5,decoder_1,15,1882,0.8166813254356384,0.7973479628562927,0.8317286968231201,0.0517691895365715
2,5,decoder_2,58,1883,0.8266149759292603,0.8317286968231201,0.8317286968231201,0.7648466229438782
2,6,topk,26,2042,0.3898102939128876,0.6745946407318115,0.7277324795722961,0.7389052510261536
2,6,pre_bbox,57,2122,0.7327271699905396,0.7052016258239746,0.7277324795722961,0.029025085270404816
2,6,decoder_1,57,2122,0.7147268652915955,0.7052016258239746,0.7277324795722961,0.029025085270404816
2,6,decoder_2,165,2123,0.7585349082946777,0.7277324795722961,0.7277324795722961,0.03390514478087425
3,7,topk,0,1962,0.0,0.0,0.49780914187431335,0.025935521349310875
3,7,pre_bbox,67,1721,0.5483904480934143,0.43705159425735474,0.49780914187431335,0.18939022719860077
3,7,decoder_1,67,1721,0.6023368239402771,0.43705159425735474,0.49780914187431335,0.18939022719860077
3,7,decoder_2,52,1883,0.510201632976532,0.49780914187431335,0.49780914187431335,0.04141802340745926
3,8,topk,268,1885,0.08869441598653793,0.5642744302749634,0.6476843953132629,0.7615320682525635
3,8,pre_bbox,0,1962,0.6816154718399048,0.5906435251235962,0.6476843953132629,0.025935521349310875
3,8,decoder_1,0,1962,0.6690884232521057,0.5906435251235962,0.6476843953132629,0.025935521349310875
3,8,decoder_2,181,1797,0.6825384497642517,0.6476843953132629,0.6476843953132629,0.028458865359425545
3,9,topk,286,2364,0.3567441999912262,0.5792277455329895,0.6695599555969238,0.7480167150497437
3,9,pre_bbox,92,1965,0.7071477174758911,0.5837122797966003,0.6695599555969238,0.06433991342782974
3,9,decoder_1,198,1957,0.7286183834075928,0.575346827507019,0.6695599555969238,0.02960587851703167
3,9,decoder_2,184,2037,0.763216495513916,0.66523677110672,0.6695599555969238,0.047361504286527634
4,10,topk,289,1966,0.6658973693847656,0.7495979070663452,0.8537189960479736,0.7909825444221497
4,10,pre_bbox,88,1880,0.8131523132324219,0.6638140082359314,0.8537189960479736,0.02527185156941414
4,10,decoder_1,289,1966,0.7917666435241699,0.7495979070663452,0.8537189960479736,0.7909825444221497
4,10,decoder_2,264,1965,0.7570177316665649,0.7593033313751221,0.8537189960479736,0.07106383144855499
4,11,topk,109,2124,0.3254232108592987,0.7470934391021729,0.7934783697128296,0.7956083416938782
4,11,pre_bbox,35,2120,0.7825601696968079,0.7925005555152893,0.7934783697128296,0.029337972402572632
4,11,decoder_1,122,2038,0.7996007204055786,0.7878538370132446,0.7934783697128296,0.03043224848806858
4,11,decoder_2,112,2204,0.7939528226852417,0.7534409761428833,0.7934783697128296,0.04744299128651619
4,12,topk,51,2200,0.35335904359817505,0.6626762747764587,0.7137532234191895,0.7706209421157837
4,12,pre_bbox,177,2116,0.7565959692001343,0.7137532234191895,0.7137532234191895,0.02252090722322464
4,12,decoder_1,77,2199,0.6825589537620544,0.640526294708252,0.7137532234191895,0.033607058227062225
4,12,decoder_2,177,2116,0.724285364151001,0.7137532234191895,0.7137532234191895,0.02252090722322464
5,13,topk,299,1883,0.5464107990264893,0.6604113578796387,0.838096022605896,0.7712882161140442
5,13,pre_bbox,76,1881,0.7136411070823669,0.6931371688842773,0.838096022605896,0.07067439705133438
5,13,decoder_1,82,1879,0.8160936236381531,0.7255746722221375,0.838096022605896,0.027010666206479073
5,13,decoder_2,38,1880,0.7856127619743347,0.7848901152610779,0.838096022605896,0.02902103215456009
5,14,topk,155,1876,0.17440196871757507,0.6684582829475403,0.6924004554748535,0.6606394648551941
5,14,pre_bbox,172,2043,0.7312129139900208,0.6924004554748535,0.6924004554748535,0.025550050660967827
5,14,decoder_1,175,1875,0.7566279172897339,0.652556300163269,0.6924004554748535,0.5308651924133301
5,14,decoder_2,172,2043,0.6969087719917297,0.6924004554748535,0.6924004554748535,0.025550050660967827
5,15,topk,281,2282,0.7632614374160767,0.8464897871017456,0.8923165202140808,0.7538750767707825
5,15,pre_bbox,281,2282,0.875778317451477,0.8464897871017456,0.8923165202140808,0.7538750767707825
5,15,decoder_1,193,2037,0.8737162351608276,0.8771448135375977,0.8923165202140808,0.04735490307211876
5,15,decoder_2,94,2522,0.8985100984573364,0.8923165202140808,0.8923165202140808,0.01644221320748329
6,16,topk,296,1885,0.7553989291191101,0.7064253091812134,0.7064253091812134,0.782675564289093
6,16,pre_bbox,296,1885,0.6476184725761414,0.7064253091812134,0.7064253091812134,0.782675564289093
6,16,decoder_1,296,1885,0.6483696699142456,0.7064253091812134,0.7064253091812134,0.782675564289093
6,16,decoder_2,296,1885,0.7060787081718445,0.7064253091812134,0.7064253091812134,0.782675564289093
6,17,topk,151,1965,0.2828526198863983,0.6738359332084656,0.709754228591919,0.024663491174578667
6,17,pre_bbox,74,1877,0.7957690954208374,0.6251794099807739,0.709754228591919,0.02358340658247471
6,17,decoder_1,123,1878,0.8544605374336243,0.6499595046043396,0.709754228591919,0.021596679463982582
6,17,decoder_2,202,2039,0.730926513671875,0.709754228591919,0.709754228591919,0.01782214269042015
6,18,topk,115,2364,0.7122260332107544,0.7532907724380493,0.8404255509376526,0.05138811469078064
6,18,pre_bbox,221,2038,0.8326235413551331,0.7862932085990906,0.8404255509376526,0.019325917586684227
6,18,decoder_1,239,2045,0.8327286839485168,0.7167232036590576,0.8404255509376526,0.02047823742032051
6,18,decoder_2,221,2038,0.8089157938957214,0.7862932085990906,0.8404255509376526,0.019325917586684227
7,19,topk,81,1957,0.5989614725112915,0.6839972734451294,0.7256599068641663,0.20655663311481476
7,19,pre_bbox,31,1959,0.7615749835968018,0.694520890712738,0.7256599068641663,0.06532791256904602
7,19,decoder_1,31,1959,0.7628870010375977,0.694520890712738,0.7256599068641663,0.06532791256904602
7,19,decoder_2,26,2039,0.7745867967605591,0.7013819813728333,0.7256599068641663,0.04318181797862053
7,20,topk,89,2117,0.778171718120575,0.7378208041191101,0.7598309516906738,0.7751526236534119
7,20,pre_bbox,151,2115,0.7914863228797913,0.7200924754142761,0.7598309516906738,0.017351362854242325
7,20,decoder_1,151,2115,0.7501326203346252,0.7200924754142761,0.7598309516906738,0.017351362854242325
7,20,decoder_2,116,2116,0.7469793558120728,0.7412925958633423,0.7598309516906738,0.035928547382354736
7,21,topk,236,2275,0.4967553913593292,0.6672934293746948,0.7663392424583435,0.7802035808563232
7,21,pre_bbox,56,2839,0.7717759013175964,0.629115879535675,0.7663392424583435,0.021980440244078636
7,21,decoder_1,56,2839,0.7344608902931213,0.629115879535675,0.7663392424583435,0.021980440244078636
7,21,decoder_2,82,2276,0.7404271960258484,0.7254839539527893,0.7663392424583435,0.01940877176821232
8,22,topk,87,2441,0.64826500415802,0.8077235817909241,0.8175382614135742,0.2106858789920807
8,22,pre_bbox,87,2441,0.8085687756538391,0.8077235817909241,0.8175382614135742,0.2106858789920807
8,22,decoder_1,87,2441,0.8099262714385986,0.8077235817909241,0.8175382614135742,0.2106858789920807
8,22,decoder_2,86,2440,0.8162239789962769,0.8126150369644165,0.8175382614135742,0.02764054760336876
8,23,topk,68,2677,0.37677738070487976,0.6127778887748718,0.8161348700523376,0.018583666533231735
8,23,pre_bbox,196,2598,0.6568810939788818,0.657450258731842,0.8161348700523376,0.016561049968004227
8,23,decoder_1,196,2598,0.6529138088226318,0.657450258731842,0.8161348700523376,0.016561049968004227
8,23,decoder_2,173,2519,0.6524550318717957,0.6480642557144165,0.8161348700523376,0.7643762826919556
8,24,topk,89,2916,0.4569629728794098,0.8289669156074524,0.8289669156074524,0.753351092338562
8,24,pre_bbox,238,2915,0.812613844871521,0.8175278902053833,0.8289669156074524,0.03273187577724457
8,24,decoder_1,238,2915,0.8071405291557312,0.8175278902053833,0.8289669156074524,0.03273187577724457
8,24,decoder_2,89,2916,0.8299664855003357,0.8289669156074524,0.8289669156074524,0.753351092338562
9,25,topk,63,2438,0.5515787601470947,0.7740893363952637,0.9158052802085876,0.7941914796829224
9,25,pre_bbox,115,2437,0.8505864143371582,0.8337807655334473,0.9158052802085876,0.02335667982697487
9,25,decoder_1,115,2437,0.8572059273719788,0.8337807655334473,0.9158052802085876,0.02335667982697487
9,25,decoder_2,140,2440,0.8560201525688171,0.9089975357055664,0.9158052802085876,0.021941766142845154
9,26,topk,29,2599,0.5327067375183105,0.696721613407135,0.7721846103668213,0.7731856107711792
9,26,pre_bbox,11,2759,0.82130366563797,0.6650174260139465,0.7721846103668213,0.022733690217137337
9,26,decoder_1,99,2681,0.8123692870140076,0.7610847353935242,0.7721846103668213,0.017427045851945877
9,26,decoder_2,99,2681,0.7704996466636658,0.7610847353935242,0.7721846103668213,0.017427045851945877
9,27,topk,132,2756,0.6328485012054443,0.6518272757530212,0.7084095478057861,0.14968577027320862
9,27,pre_bbox,15,2839,0.767592191696167,0.7032028436660767,0.7084095478057861,0.01497083343565464
9,27,decoder_1,15,2839,0.7232463359832764,0.7032028436660767,0.7084095478057861,0.01497083343565464
9,27,decoder_2,15,2839,0.712637722492218,0.7032028436660767,0.7084095478057861,0.01497083343565464
10,28,topk,54,2122,0.5796544551849365,0.7786672711372375,0.8833640813827515,0.8005417585372925
10,28,pre_bbox,135,2118,0.7994024157524109,0.7682598233222961,0.8833640813827515,0.022267939522862434
10,28,decoder_1,135,2118,0.7887691855430603,0.7682598233222961,0.8833640813827515,0.022267939522862434
10,28,decoder_2,67,2123,0.8118981122970581,0.8155272603034973,0.8833640813827515,0.045905448496341705
10,29,topk,137,2198,0.40494510531425476,0.546299397945404,0.6031901240348816,0.025371672585606575
10,29,pre_bbox,25,2280,0.6168868541717529,0.5505059361457825,0.6031901240348816,0.020545518025755882
10,29,decoder_1,25,2280,0.6493940353393555,0.5505059361457825,0.6031901240348816,0.020545518025755882
10,29,decoder_2,156,2356,0.6099448204040527,0.6031901240348816,0.6031901240348816,0.018631882965564728
10,30,topk,172,2517,0.6931540966033936,0.7469572424888611,0.795545756816864,0.07425708323717117
10,30,pre_bbox,103,2597,0.8615288734436035,0.7112770676612854,0.795545756816864,0.021268026903271675
10,30,decoder_1,100,2439,0.8273752927780151,0.7612595558166504,0.795545756816864,0.021111691370606422
10,30,decoder_2,7,2441,0.7884052991867065,0.7732126116752625,0.795545756816864,0.02294016443192959
11,31,topk,87,2038,0.4059124290943146,0.7088735699653625,0.8899968266487122,0.6529399156570435
11,31,pre_bbox,87,2038,0.7653019428253174,0.7088735699653625,0.8899968266487122,0.6529399156570435
11,31,decoder_1,87,2038,0.7681593894958496,0.7088735699653625,0.8899968266487122,0.6529399156570435
11,31,decoder_2,152,2042,0.851165771484375,0.8899968266487122,0.8899968266487122,0.05208338424563408
11,32,topk,139,2116,0.5247405767440796,0.7052813172340393,0.7725669145584106,0.08051226288080215
11,32,pre_bbox,15,2279,0.8286250233650208,0.6988125443458557,0.7725669145584106,0.027497250586748123
11,32,decoder_1,15,2279,0.8250067234039307,0.6988125443458557,0.7725669145584106,0.027497250586748123
11,32,decoder_2,33,2280,0.7632105350494385,0.6913703083992004,0.7725669145584106,0.03952999785542488
11,33,topk,213,2513,0.653401792049408,0.8377044200897217,0.8512700796127319,0.058507416397333145
11,33,pre_bbox,213,2513,0.8858830332756042,0.8377044200897217,0.8512700796127319,0.058507416397333145
11,33,decoder_1,213,2513,0.8836820721626282,0.8377044200897217,0.8512700796127319,0.058507416397333145
11,33,decoder_2,1,2438,0.918213427066803,0.8512240052223206,0.8512700796127319,0.03974815830588341
12,34,topk,46,1961,0.5458332896232605,0.8077765703201294,0.8730158805847168,0.8156918883323669
12,34,pre_bbox,46,1961,0.8372164964675903,0.8077765703201294,0.8730158805847168,0.8156918883323669
12,34,decoder_1,46,1961,0.8448176383972168,0.8077765703201294,0.8730158805847168,0.8156918883323669
12,34,decoder_2,220,1965,0.8784899115562439,0.8730158805847168,0.8730158805847168,0.021047204732894897
12,35,topk,99,2039,0.4058506488800049,0.8206962943077087,0.8972463011741638,0.7730751037597656
12,35,pre_bbox,157,2117,0.8591548204421997,0.8939253091812134,0.8972463011741638,0.025327563285827637
12,35,decoder_1,99,2039,0.8614878058433533,0.8206962943077087,0.8972463011741638,0.7730751037597656
12,35,decoder_2,157,2117,0.906308650970459,0.8939253091812134,0.8972463011741638,0.025327563285827637
12,36,topk,165,2277,0.5788652896881104,0.7150163650512695,0.7960294485092163,0.7639075517654419
12,36,pre_bbox,185,2197,0.8075807094573975,0.6999974846839905,0.7960294485092163,0.03568523749709129
12,36,decoder_1,185,2197,0.7788985371589661,0.6999974846839905,0.7960294485092163,0.03568523749709129
12,36,decoder_2,222,2842,0.8223615884780884,0.7960294485092163,0.7960294485092163,0.02138606086373329
13,37,topk,58,1958,0.3972098231315613,0.7131901979446411,0.7334830164909363,0.48103755712509155
13,37,pre_bbox,50,2038,0.7606160640716553,0.7131929993629456,0.7334830164909363,0.015434911474585533
13,37,decoder_1,50,2038,0.7692602872848511,0.7131929993629456,0.7334830164909363,0.015434911474585533
13,37,decoder_2,122,2042,0.7350437045097351,0.7334830164909363,0.7334830164909363,0.017720097675919533
13,38,topk,45,2118,0.6577473282814026,0.6142127513885498,0.6436813473701477,0.06988011300563812
13,38,pre_bbox,209,2194,0.6993871331214905,0.6097409725189209,0.6436813473701477,0.019045794382691383
13,38,decoder_1,209,2194,0.7482966184616089,0.6097409725189209,0.6436813473701477,0.019045794382691383
13,38,decoder_2,24,2198,0.6555390357971191,0.6436813473701477,0.6436813473701477,0.020822949707508087
13,39,topk,4,2279,0.6789524555206299,0.9104048013687134,0.9482904672622681,0.7735857367515564
13,39,pre_bbox,65,2356,0.937389075756073,0.9057905077934265,0.9482904672622681,0.0204290971159935
13,39,decoder_1,156,2275,0.9290988445281982,0.8829255700111389,0.9482904672622681,0.020718425512313843
13,39,decoder_2,227,3160,0.9242400527000427,0.9482904672622681,0.9482904672622681,0.02003079652786255
14,40,topk,252,2045,0.45903754234313965,0.7244321703910828,0.8504176139831543,0.026487011462450027
14,40,pre_bbox,176,1962,0.7930002808570862,0.6928561329841614,0.8504176139831543,0.019287772476673126
14,40,decoder_1,176,1962,0.837670087814331,0.6928561329841614,0.8504176139831543,0.019287772476673126
14,40,decoder_2,187,1961,0.873175859451294,0.8373047113418579,0.8504176139831543,0.019967732951045036
14,41,topk,22,2123,0.1577468067407608,0.6443344950675964,0.679263710975647,0.4929516911506653
14,41,pre_bbox,14,2203,0.634427011013031,0.6211449503898621,0.679263710975647,0.018689068034291267
14,41,decoder_1,124,2119,0.7294162511825562,0.6119639277458191,0.679263710975647,0.020129870623350143
14,41,decoder_2,143,2195,0.7233734726905823,0.6708379983901978,0.679263710975647,0.031971219927072525
14,42,topk,110,2364,0.24591697752475739,0.6021040081977844,0.6159687042236328,0.7338106632232666
14,42,pre_bbox,110,2364,0.6068233847618103,0.6021040081977844,0.6159687042236328,0.7338106632232666
14,42,decoder_1,110,2364,0.6057790517807007,0.6021040081977844,0.6159687042236328,0.7338106632232666
14,42,decoder_2,110,2364,0.6017425656318665,0.6021040081977844,0.6159687042236328,0.7338106632232666
15,43,topk,185,2123,0.614262580871582,0.7896971702575684,0.8085538148880005,0.07669053971767426
15,43,pre_bbox,220,2043,0.8145272731781006,0.769213080406189,0.8085538148880005,0.0236897524446249
15,43,decoder_1,220,2043,0.8471627235412598,0.769213080406189,0.8085538148880005,0.0236897524446249
15,43,decoder_2,39,2119,0.8230830430984497,0.79668128490448,0.8085538148880005,0.038895830512046814
15,44,topk,52,2283,0.14016959071159363,0.7881883978843689,0.840985894203186,0.7083985805511475
15,44,pre_bbox,62,2281,0.9215578436851501,0.830574631690979,0.840985894203186,0.055618658661842346
15,44,decoder_1,93,2279,0.928132951259613,0.8194575309753418,0.840985894203186,0.06314568966627121
15,44,decoder_2,62,2281,0.8432397842407227,0.830574631690979,0.840985894203186,0.055618658661842346
15,45,topk,30,2443,0.6583714485168457,0.7493459582328796,0.9222410321235657,0.7596858739852905
15,45,pre_bbox,22,2362,0.8387954235076904,0.8319485187530518,0.9222410321235657,0.030358685180544853
15,45,decoder_1,22,2362,0.8611810207366943,0.8319485187530518,0.9222410321235657,0.030358685180544853
15,45,decoder_2,25,2361,0.9135830402374268,0.9222410321235657,0.9222410321235657,0.02818240225315094
16,46,topk,289,1633,0.07224030047655106,0.5131288170814514,0.6029185056686401,0.6905642151832581
16,46,pre_bbox,184,1391,0.44486725330352783,0.6029185056686401,0.6029185056686401,0.7333928942680359
16,46,decoder_1,184,1391,0.46454161405563354,0.6029185056686401,0.6029185056686401,0.7333928942680359
16,46,decoder_2,184,1391,0.59144526720047,0.6029185056686401,0.6029185056686401,0.7333928942680359
17,47,topk,126,3788,0.2480669617652893,0.7102119326591492,0.8180458545684814,0.8029230833053589
17,47,pre_bbox,52,3867,0.7256211042404175,0.751409113407135,0.8180458545684814,0.029294287785887718
17,47,decoder_1,97,3631,0.684313952922821,0.7750790119171143,0.8180458545684814,0.04002424702048302
17,47,decoder_2,97,3631,0.7512475848197937,0.7750790119171143,0.8180458545684814,0.04002424702048302
18,48,topk,0,2347,0.0,0.0,0.6952239871025085,0.003323572687804699
18,48,pre_bbox,192,2668,0.3180594742298126,0.5658325552940369,0.6952239871025085,0.5927518606185913
18,48,decoder_1,192,2668,0.35244593024253845,0.5658325552940369,0.6952239871025085,0.5927518606185913
18,48,decoder_2,254,2829,0.5531733632087708,0.6543148159980774,0.6952239871025085,0.21328352391719818
19,49,topk,214,2672,0.2441600114107132,0.5644391179084778,0.6953869462013245,0.7630283236503601
19,49,pre_bbox,214,2672,0.6593941450119019,0.5644391179084778,0.6953869462013245,0.7630283236503601
19,49,decoder_1,214,2672,0.6635233759880066,0.5644391179084778,0.6953869462013245,0.7630283236503601
19,49,decoder_2,134,2671,0.7315001487731934,0.6262471675872803,0.6953869462013245,0.10508646070957184
20,50,topk,162,2750,0.1985558271408081,0.6091804504394531,0.6573659777641296,0.053818169981241226
20,50,pre_bbox,260,2671,0.6032641530036926,0.6291823387145996,0.6573659777641296,0.06430602073669434
20,50,decoder_1,260,2671,0.6047300100326538,0.6291823387145996,0.6573659777641296,0.06430602073669434
20,50,decoder_2,158,2670,0.6510545015335083,0.6573659777641296,0.6573659777641296,0.7580069303512573
21,51,topk,222,2749,0.02052091807126999,0.7121327519416809,0.7962510585784912,0.7088057398796082
21,51,pre_bbox,180,2590,0.7433850169181824,0.6804231405258179,0.7962510585784912,0.05084768682718277
21,51,decoder_1,180,2590,0.7624123096466064,0.6804231405258179,0.7962510585784912,0.05084768682718277
21,51,decoder_2,117,2589,0.7159311771392822,0.708855390548706,0.7962510585784912,0.7561214566230774
22,52,topk,0,3067,0.0,0.0,0.8120511174201965,0.003163582645356655
22,52,pre_bbox,294,1790,0.4588022828102112,0.7488519549369812,0.8120511174201965,0.6799129247665405
22,52,decoder_1,294,1790,0.4838261306285858,0.7488519549369812,0.8120511174201965,0.6799129247665405
22,52,decoder_2,207,2030,0.7673912644386292,0.7844026684761047,0.8120511174201965,0.11773254722356796
23,53,topk,120,2513,0.25210100412368774,0.7218982577323914,0.8827711939811707,0.7846816778182983
23,53,pre_bbox,120,2513,0.8390525579452515,0.7218982577323914,0.8827711939811707,0.7846816778182983
23,53,decoder_1,120,2513,0.8346235752105713,0.7218982577323914,0.8827711939811707,0.7846816778182983
23,53,decoder_2,109,2354,0.8480129241943359,0.8309686183929443,0.8827711939811707,0.04097633436322212
24,54,topk,215,2273,0.022237742319703102,0.7359960079193115,0.800952672958374,0.46863868832588196
24,54,pre_bbox,254,2193,0.7580559849739075,0.7660479545593262,0.800952672958374,0.8003441095352173
24,54,decoder_1,254,2193,0.6793740391731262,0.7660479545593262,0.800952672958374,0.8003441095352173
24,54,decoder_2,279,1819,0.9296067953109741,0.800952672958374,0.800952672958374,0.537830114364624
25,55,topk,0,2989,0.0,0.0,0.8557420969009399,0.003940388094633818
25,55,pre_bbox,109,1950,0.4521172344684601,0.7672091126441956,0.8557420969009399,0.691758930683136
25,55,decoder_1,109,1950,0.3142906129360199,0.7672091126441956,0.8557420969009399,0.691758930683136
25,55,decoder_2,109,1950,0.7045460343360901,0.7672091126441956,0.8557420969009399,0.691758930683136
26,56,topk,0,2430,0.0,0.0,0.7807015776634216,0.002071653725579381
26,56,pre_bbox,256,2033,0.4913107454776764,0.7807015776634216,0.7807015776634216,0.5012078285217285
26,56,decoder_1,256,2033,0.4532517194747925,0.7807015776634216,0.7807015776634216,0.5012078285217285
26,56,decoder_2,256,2033,0.875498354434967,0.7807015776634216,0.7807015776634216,0.5012078285217285
27,57,topk,248,2199,0.5756909847259521,0.625834584236145,0.7257530093193054,0.7722246050834656
27,57,pre_bbox,248,2199,0.5960801243782043,0.625834584236145,0.7257530093193054,0.7722246050834656
27,57,decoder_1,271,2035,0.707221269607544,0.5136845111846924,0.7257530093193054,0.053463876247406006
27,57,decoder_2,248,2199,0.6294549703598022,0.625834584236145,0.7257530093193054,0.7722246050834656
27,58,topk,48,2277,0.25728508830070496,0.6129118800163269,0.7503095865249634,0.0391116663813591
27,58,pre_bbox,174,2438,0.7188809514045715,0.6776487231254578,0.7503095865249634,0.05282413586974144
27,58,decoder_1,174,2438,0.676175057888031,0.6776487231254578,0.7503095865249634,0.05282413586974144
27,58,decoder_2,174,2438,0.7019715905189514,0.6776487231254578,0.7503095865249634,0.05282413586974144
27,59,topk,14,2517,0.4968419075012207,0.6421716809272766,0.7400477528572083,0.029854856431484222
27,59,pre_bbox,118,2431,0.708465039730072,0.7400477528572083,0.7400477528572083,0.024533100426197052
27,59,decoder_1,118,2431,0.6723398566246033,0.7400477528572083,0.7400477528572083,0.024533100426197052
27,59,decoder_2,118,2431,0.7492571473121643,0.7400477528572083,0.7400477528572083,0.024533100426197052
28,60,topk,103,2277,0.30132821202278137,0.6584866642951965,0.7429230213165283,0.6654395461082458
28,60,pre_bbox,26,2273,0.6646071076393127,0.7001484036445618,0.7429230213165283,0.0506134033203125
28,60,decoder_1,26,2273,0.615804135799408,0.7001484036445618,0.7429230213165283,0.0506134033203125
28,60,decoder_2,26,2273,0.7172337770462036,0.7001484036445618,0.7429230213165283,0.0506134033203125
28,61,topk,32,2354,0.36993202567100525,0.630398690700531,0.7714146375656128,0.779745876789093
28,61,pre_bbox,90,2351,0.6951297521591187,0.6902561187744141,0.7714146375656128,0.036123838275671005
28,61,decoder_1,90,2351,0.694854199886322,0.6902561187744141,0.7714146375656128,0.036123838275671005
28,61,decoder_2,11,2434,0.7420302629470825,0.6993698477745056,0.7714146375656128,0.04129078611731529
28,62,topk,104,2511,0.5473809242248535,0.6753542423248291,0.8759492635726929,0.7809761166572571
28,62,pre_bbox,101,2749,0.7731190919876099,0.6407450437545776,0.8759492635726929,0.03668494150042534
28,62,decoder_1,12,2514,0.6837128400802612,0.6781929731369019,0.8759492635726929,0.017680684104561806
28,62,decoder_2,295,2586,0.7068408727645874,0.6028082966804504,0.8759492635726929,0.05144505202770233
29,63,topk,65,2277,0.6085920333862305,0.7685515880584717,0.8072894215583801,0.775670051574707
29,63,pre_bbox,198,2279,0.8386715054512024,0.7617643475532532,0.8072894215583801,0.039060838520526886
29,63,decoder_1,198,2279,0.8228439092636108,0.7617643475532532,0.8072894215583801,0.039060838520526886
29,63,decoder_2,77,2193,0.7887769341468811,0.8072894215583801,0.8072894215583801,0.045316267758607864
29,64,topk,24,2354,0.3398038446903229,0.8232545852661133,0.8681788444519043,0.7639906406402588
29,64,pre_bbox,60,2356,0.8525474071502686,0.7989417314529419,0.8681788444519043,0.025096461176872253
29,64,decoder_1,60,2356,0.8668425679206848,0.7989417314529419,0.8681788444519043,0.025096461176872253
29,64,decoder_2,10,2435,0.8594475984573364,0.8681788444519043,0.8681788444519043,0.03250926733016968
29,65,topk,25,2514,0.6505323052406311,0.898736298084259,0.9639616012573242,0.03300260752439499
29,65,pre_bbox,9,2515,0.8724493980407715,0.907051682472229,0.9639616012573242,0.7728996276855469
29,65,decoder_1,250,2429,0.8714609146118164,0.8971558213233948,0.9639616012573242,0.05560900643467903
29,65,decoder_2,32,2513,0.9185187220573425,0.9360492825508118,0.9639616012573242,0.032344408333301544
30,66,topk,175,2195,0.1817786991596222,0.6658626198768616,0.7323545813560486,0.7557857632637024
30,66,pre_bbox,68,2193,0.7629154920578003,0.7323545813560486,0.7323545813560486,0.037167880684137344
30,66,decoder_1,68,2193,0.7411205768585205,0.7323545813560486,0.7323545813560486,0.037167880684137344
30,66,decoder_2,68,2193,0.7745540142059326,0.7323545813560486,0.7323545813560486,0.037167880684137344
30,67,topk,24,2515,0.4910677671432495,0.7797424793243408,0.8707426190376282,0.037921782582998276
30,67,pre_bbox,41,2512,0.8436856269836426,0.8056838512420654,0.8707426190376282,0.02212170511484146
30,67,decoder_1,192,2588,0.8636525869369507,0.7022964358329773,0.8707426190376282,0.028752703219652176
30,67,decoder_2,196,2429,0.8214678764343262,0.7928652167320251,0.8707426190376282,0.021090270951390266
30,68,topk,66,2355,0.427499383687973,0.6432388424873352,0.7870683670043945,0.7824289202690125
30,68,pre_bbox,66,2355,0.6540248990058899,0.6432388424873352,0.7870683670043945,0.7824289202690125
30,68,decoder_1,66,2355,0.6525031924247742,0.6432388424873352,0.7870683670043945,0.7824289202690125
30,68,decoder_2,0,2754,0.743619978427887,0.6117115616798401,0.7870683670043945,0.054229460656642914
31,69,topk,205,2277,0.6425698399543762,0.763074517250061,0.8443741798400879,0.7807760834693909
31,69,pre_bbox,145,2355,0.7492589950561523,0.7913730144500732,0.8443741798400879,0.023847583681344986
31,69,decoder_1,145,2355,0.7476562261581421,0.7913730144500732,0.8443741798400879,0.023847583681344986
31,69,decoder_2,205,2277,0.7655861973762512,0.763074517250061,0.8443741798400879,0.7807760834693909
31,70,topk,61,2435,0.721674919128418,0.668735921382904,0.7573994398117065,0.7959414124488831
31,70,pre_bbox,287,2358,0.862676739692688,0.7034948468208313,0.7573994398117065,0.0182020403444767
31,70,decoder_1,287,2358,0.8499122858047485,0.7034948468208313,0.7573994398117065,0.0182020403444767
31,70,decoder_2,220,2348,0.8200887441635132,0.7171853184700012,0.7573994398117065,0.033753521740436554
31,71,topk,33,2513,0.6209555268287659,0.8084859251976013,0.8871617317199707,0.7755882143974304
31,71,pre_bbox,9,2594,0.8257413506507874,0.7880851030349731,0.8871617317199707,0.024443531408905983
31,71,decoder_1,24,2595,0.8685175180435181,0.7960925102233887,0.8871617317199707,0.029722344130277634
31,71,decoder_2,12,2514,0.8442142605781555,0.8673242926597595,0.8871617317199707,0.025801492854952812
32,72,topk,275,2199,0.19299013912677765,0.8332533836364746,0.8539883494377136,0.02353041246533394
32,72,pre_bbox,43,2275,0.9140381217002869,0.7812492847442627,0.8539883494377136,0.028266876935958862
32,72,decoder_1,43,2275,0.8531878590583801,0.7812492847442627,0.8539883494377136,0.028266876935958862
32,72,decoder_2,206,2198,0.8379857540130615,0.8466596007347107,0.8539883494377136,0.7147268652915955
32,73,topk,60,2356,0.608374834060669,0.7780242562294006,0.8620938658714294,0.7783687114715576
32,73,pre_bbox,39,2355,0.8853074908256531,0.8620938658714294,0.8620938658714294,0.021597053855657578
32,73,decoder_1,215,2271,0.8800327777862549,0.8423687219619751,0.8620938658714294,0.029468713328242302
32,73,decoder_2,271,2348,0.9287182688713074,0.7874099016189575,0.8620938658714294,0.08550404012203217
32,74,topk,4,2596,0.5860146880149841,0.704842746257782,0.7901312112808228,0.7890009880065918
32,74,pre_bbox,247,2510,0.7376221418380737,0.690614640712738,0.7901312112808228,0.03501974046230316
32,74,decoder_1,262,2509,0.7715185284614563,0.6931928396224976,0.7901312112808228,0.023684948682785034
32,74,decoder_2,77,2668,0.7529667615890503,0.6119985580444336,0.7901312112808228,0.06294863671064377
33,75,topk,114,2033,0.5018636584281921,0.6496139764785767,0.7151206731796265,0.668087363243103
33,75,pre_bbox,202,2199,0.7673830986022949,0.6466144919395447,0.7151206731796265,0.02743561752140522
33,75,decoder_1,202,2199,0.7789620161056519,0.6466144919395447,0.7151206731796265,0.02743561752140522
33,75,decoder_2,183,2035,0.7511047124862671,0.7151206731796265,0.7151206731796265,0.04305819049477577
33,76,topk,22,2275,0.31216561794281006,0.6396973729133606,0.6873442530632019,0.06190516799688339
33,76,pre_bbox,115,2279,0.7229700088500977,0.6603788733482361,0.6873442530632019,0.07379114627838135
33,76,decoder_1,115,2279,0.7198148369789124,0.6603788733482361,0.6873442530632019,0.07379114627838135
33,76,decoder_2,46,2274,0.6768584251403809,0.673909604549408,0.6873442530632019,0.02731882594525814
33,77,topk,49,2513,0.691378653049469,0.6642076969146729,0.7340503334999084,0.03353181108832359
33,77,pre_bbox,42,2515,0.7467113733291626,0.7190777659416199,0.7340503334999084,0.022736698389053345
33,77,decoder_1,42,2515,0.7384454607963562,0.7190777659416199,0.7340503334999084,0.022736698389053345
33,77,decoder_2,65,2436,0.7373629212379456,0.7340503334999084,0.7340503334999084,0.021694529801607132
34,78,topk,57,2034,0.6935089826583862,0.7301192283630371,0.8421765565872192,0.11958453059196472
34,78,pre_bbox,99,2035,0.827815592288971,0.8398142457008362,0.8421765565872192,0.021464725956320763
34,78,decoder_1,99,2035,0.8516712784767151,0.8398142457008362,0.8421765565872192,0.021464725956320763
34,78,decoder_2,259,2032,0.8856498599052429,0.8421765565872192,0.8421765565872192,0.022414587438106537
34,79,topk,157,2191,0.608971118927002,0.7369484305381775,0.7751103639602661,0.7960737943649292
34,79,pre_bbox,15,2276,0.790314793586731,0.7751103639602661,0.7751103639602661,0.02888461761176586
34,79,decoder_1,15,2276,0.7900080680847168,0.7751103639602661,0.7751103639602661,0.02888461761176586
34,79,decoder_2,15,2276,0.7708075046539307,0.7751103639602661,0.7751103639602661,0.02888461761176586
34,80,topk,242,2916,0.6520426869392395,0.6519532799720764,0.8104596138000488,0.1211080476641655
34,80,pre_bbox,97,2432,0.8026057481765747,0.703515350818634,0.8104596138000488,0.02918585017323494
34,80,decoder_1,97,2432,0.8093461394309998,0.703515350818634,0.8104596138000488,0.02918585017323494
34,80,decoder_2,255,2511,0.8032836318016052,0.8104596138000488,0.8104596138000488,0.03274644911289215
35,81,topk,62,2115,0.6567594408988953,0.8003907799720764,0.8155163526535034,0.051433295011520386
35,81,pre_bbox,119,2198,0.8297740817070007,0.7866649031639099,0.8155163526535034,0.0233087707310915
35,81,decoder_1,119,2198,0.817004919052124,0.7866649031639099,0.8155163526535034,0.0233087707310915
35,81,decoder_2,130,2036,0.8087972402572632,0.8004176020622253,0.8155163526535034,0.06148963421583176
35,82,topk,169,2192,0.4775647521018982,0.891629695892334,0.9089460968971252,0.7975570559501648
35,82,pre_bbox,169,2192,0.8868839144706726,0.891629695892334,0.9089460968971252,0.7975570559501648
35,82,decoder_1,84,2194,0.8886465430259705,0.872161865234375,0.9089460968971252,0.01898277923464775
35,82,decoder_2,188,2191,0.899444580078125,0.9089460968971252,0.9089460968971252,0.03393260017037392
35,83,topk,10,2514,0.6637067198753357,0.792997419834137,0.8212136626243591,0.071306973695755
35,83,pre_bbox,265,2588,0.8476742506027222,0.8134971857070923,0.8212136626243591,0.019078392535448074
35,83,decoder_1,237,2509,0.823202908039093,0.806220293045044,0.8212136626243591,0.05552248656749725
35,83,decoder_2,187,2431,0.8245308995246887,0.8173107504844666,0.8212136626243591,0.017115188762545586
36,84,topk,47,2115,0.737710177898407,0.7500433921813965,0.7531076073646545,0.7770553827285767
36,84,pre_bbox,259,1952,0.769719123840332,0.7234756946563721,0.7531076073646545,0.027719812467694283
36,84,decoder_1,259,1952,0.7894390821456909,0.7234756946563721,0.7531076073646545,0.027719812467694283
36,84,decoder_2,74,2117,0.760304868221283,0.7531076073646545,0.7531076073646545,0.029295235872268677
36,85,topk,196,2269,0.3863202929496765,0.6708349585533142,0.7707158327102661,0.7666406035423279
36,85,pre_bbox,164,2190,0.8261790871620178,0.7266523241996765,0.7707158327102661,0.15779845416545868
36,85,decoder_1,164,2190,0.8272513151168823,0.7266523241996765,0.7707158327102661,0.15779845416545868
36,85,decoder_2,265,2110,0.8775733113288879,0.7707158327102661,0.7707158327102661,0.045763641595840454
36,86,topk,46,2512,0.6163619160652161,0.7945643067359924,0.9034774899482727,0.03381313011050224
36,86,pre_bbox,192,2508,0.9404218196868896,0.9034774899482727,0.9034774899482727,0.022164402529597282
36,86,decoder_1,192,2508,0.9327343106269836,0.9034774899482727,0.9034774899482727,0.022164402529597282
36,86,decoder_2,192,2508,0.9047802686691284,0.9034774899482727,0.9034774899482727,0.022164402529597282
37,87,topk,57,2034,0.8118883967399597,0.9096065163612366,0.9520911574363708,0.06846757978200912
37,87,pre_bbox,41,2116,0.9764879941940308,0.942852258682251,0.9520911574363708,0.03990424424409866
37,87,decoder_1,41,2116,0.9789090752601624,0.942852258682251,0.9520911574363708,0.03990424424409866
37,87,decoder_2,41,2116,0.9647068381309509,0.942852258682251,0.9520911574363708,0.03990424424409866
37,88,topk,146,2191,0.5591475963592529,0.8489578366279602,0.9055443406105042,0.804635763168335
37,88,pre_bbox,188,2350,0.8280148506164551,0.8696131110191345,0.9055443406105042,0.036070626229047775
37,88,decoder_1,146,2191,0.8153588771820068,0.8489578366279602,0.9055443406105042,0.804635763168335
37,88,decoder_2,189,2111,0.8623197078704834,0.8688284158706665,0.9055443406105042,0.03971299156546593
37,89,topk,240,2836,0.6762991547584534,0.8431487083435059,0.9179632067680359,0.06599355489015579
37,89,pre_bbox,25,2514,0.9154137372970581,0.8246694803237915,0.9179632067680359,0.016648560762405396
37,89,decoder_1,25,2514,0.8720774054527283,0.8246694803237915,0.9179632067680359,0.016648560762405396
37,89,decoder_2,238,2511,0.8630932569503784,0.8446105122566223,0.9179632067680359,0.037602026015520096
38,90,topk,48,2115,0.6177142858505249,0.6814808249473572,0.8532607555389404,0.7928817272186279
38,90,pre_bbox,46,2194,0.7972050309181213,0.7411633133888245,0.8532607555389404,0.018404163420200348
38,90,decoder_1,118,2035,0.7936732769012451,0.6935358047485352,0.8532607555389404,0.028303690254688263
38,90,decoder_2,245,2030,0.8485103249549866,0.8513182997703552,0.8532607555389404,0.019709831103682518
38,91,topk,207,2189,0.5289116501808167,0.7508670091629028,0.81145840883255,0.7890893220901489
38,91,pre_bbox,45,2275,0.8160620927810669,0.7700545787811279,0.81145840883255,0.017269041389226913
38,91,decoder_1,45,2275,0.8076347708702087,0.7700545787811279,0.81145840883255,0.017269041389226913
38,91,decoder_2,198,2350,0.8016800880432129,0.7953448295593262,0.81145840883255,0.0480484813451767
38,92,topk,202,2510,0.7173628807067871,0.6844527721405029,0.7998398542404175,0.15555235743522644
38,92,pre_bbox,282,2507,0.7735403180122375,0.7389519214630127,0.7998398542404175,0.014386595226824284
38,92,decoder_1,282,2507,0.7737412452697754,0.7389519214630127,0.7998398542404175,0.014386595226824284
38,92,decoder_2,19,2593,0.8431899547576904,0.6992459893226624,0.7998398542404175,0.03228115662932396
39,93,topk,0,3947,0.0,0.0,0.8821606040000916,0.001685505616478622
39,93,pre_bbox,285,2509,0.8147951364517212,0.7412939071655273,0.8821606040000916,0.6588392853736877
39,93,decoder_1,285,2509,0.782660961151123,0.7412939071655273,0.8821606040000916,0.6588392853736877
39,93,decoder_2,268,2748,0.8653885126113892,0.7471981048583984,0.8821606040000916,0.044203706085681915
40,94,topk,237,3070,0.02685709111392498,0.7077521085739136,0.8562831282615662,0.03117598220705986
40,94,pre_bbox,201,2669,0.7174975275993347,0.7041249871253967,0.8562831282615662,0.5282216668128967
40,94,decoder_1,201,2669,0.6974263787269592,0.7041249871253967,0.8562831282615662,0.5282216668128967
40,94,decoder_2,157,3469,0.8080162405967712,0.6585068702697754,0.8562831282615662,0.15153957903385162
41,95,topk,160,3070,0.07227364927530289,0.6581870913505554,0.8502744436264038,0.06707789748907089
41,95,pre_bbox,123,2592,0.6635808348655701,0.7891829013824463,0.8502744436264038,0.039607830345630646
41,95,decoder_1,123,2592,0.6377091407775879,0.7891829013824463,0.8502744436264038,0.039607830345630646
41,95,decoder_2,71,2511,0.8149082064628601,0.8502744436264038,0.8502744436264038,0.07788561284542084
42,96,topk,0,3947,0.0,0.0,0.8516432642936707,0.0019033753778785467
42,96,pre_bbox,277,2589,0.5866570472717285,0.631078839302063,0.8516432642936707,0.5072177648544312
42,96,decoder_1,275,2669,0.4251367449760437,0.8516432642936707,0.8516432642936707,0.7228774428367615
42,96,decoder_2,275,2669,0.7878181338310242,0.8516432642936707,0.8516432642936707,0.7228774428367615
43,97,topk,271,3150,0.0016408594092354178,0.7531961798667908,0.7737707495689392,0.23736093938350677
43,97,pre_bbox,281,2351,0.6602119207382202,0.7148563265800476,0.7737707495689392,0.5744070410728455
43,97,decoder_1,281,2351,0.6455976366996765,0.7148563265800476,0.7737707495689392,0.5744070410728455
43,97,decoder_2,175,3149,0.7383638620376587,0.7633863687515259,0.7737707495689392,0.10145509243011475
44,98,topk,214,2509,0.01934811845421791,0.7727059721946716,0.7727059721946716,0.7467833757400513
44,98,pre_bbox,214,2509,0.4351576268672943,0.7727059721946716,0.7727059721946716,0.7467833757400513
44,98,decoder_1,214,2509,0.4177340567111969,0.7727059721946716,0.7727059721946716,0.7467833757400513
44,98,decoder_2,214,2509,0.7495951056480408,0.7727059721946716,0.7727059721946716,0.7467833757400513
45,99,topk,46,2204,0.4488072693347931,0.8769606947898865,0.9240930676460266,0.7757072448730469
45,99,pre_bbox,46,2204,0.8378309011459351,0.8769606947898865,0.9240930676460266,0.7757072448730469
45,99,decoder_1,46,2204,0.833448052406311,0.8769606947898865,0.9240930676460266,0.7757072448730469
45,99,decoder_2,94,2287,0.9024295210838318,0.9240930676460266,0.9240930676460266,0.032590292394161224
45,100,topk,47,2362,0.3554033637046814,0.800718367099762,0.800718367099762,0.018993347883224487
45,100,pre_bbox,47,2362,0.7725652456283569,0.800718367099762,0.800718367099762,0.018993347883224487
45,100,decoder_1,47,2362,0.7870023250579834,0.800718367099762,0.800718367099762,0.018993347883224487
45,100,decoder_2,47,2362,0.8140331506729126,0.800718367099762,0.800718367099762,0.018993347883224487
45,101,topk,118,2600,0.477571040391922,0.7439723014831543,0.7827053666114807,0.7769311666488647
45,101,pre_bbox,118,2600,0.8320643901824951,0.7439723014831543,0.7827053666114807,0.7769311666488647
45,101,decoder_1,118,2600,0.8294931054115295,0.7439723014831543,0.7827053666114807,0.7769311666488647
45,101,decoder_2,201,2765,0.7982615828514099,0.7827053666114807,0.7827053666114807,0.026506192982196808
46,102,topk,93,2447,0.28906798362731934,0.7991204857826233,0.8074444532394409,0.7815141677856445
46,102,pre_bbox,37,2446,0.7559093832969666,0.8011630773544312,0.8074444532394409,0.025936687365174294
46,102,decoder_1,37,2446,0.7749160528182983,0.8011630773544312,0.8074444532394409,0.025936687365174294
46,102,decoder_2,33,2445,0.8059546947479248,0.8074444532394409,0.8074444532394409,0.06030234321951866
46,103,topk,165,2521,0.4722171723842621,0.7507956027984619,0.7627153992652893,0.029823658987879753
46,103,pre_bbox,15,2685,0.7445869445800781,0.7300949692726135,0.7627153992652893,0.021511564031243324
46,103,decoder_1,81,2607,0.7262212038040161,0.7198192477226257,0.7627153992652893,0.02268846146762371
46,103,decoder_2,165,2521,0.74686598777771,0.7507956027984619,0.7627153992652893,0.029823658987879753
46,104,topk,243,2760,0.6100956797599792,0.7159830927848816,0.7870334386825562,0.7246230840682983
46,104,pre_bbox,238,3646,0.8200196623802185,0.768207848072052,0.7870334386825562,0.02084183320403099
46,104,decoder_1,238,3646,0.8120404481887817,0.768207848072052,0.7870334386825562,0.02084183320403099
46,104,decoder_2,278,3166,0.7978565692901611,0.7777116894721985,0.7870334386825562,0.031729426234960556
47,105,topk,71,2284,0.27724531292915344,0.7555696964263916,0.7555696964263916,0.7102543115615845
47,105,pre_bbox,233,2361,0.8007466793060303,0.7381956577301025,0.7555696964263916,0.026883484795689583
47,105,decoder_1,233,2361,0.8063380122184753,0.7381956577301025,0.7555696964263916,0.026883484795689583
47,105,decoder_2,71,2284,0.737170398235321,0.7555696964263916,0.7555696964263916,0.7102543115615845
47,106,topk,197,2600,0.4153039753437042,0.8541921377182007,0.8541921377182007,0.7441397905349731
47,106,pre_bbox,3,2684,0.8428205251693726,0.8121522068977356,0.8541921377182007,0.025719553232192993
47,106,decoder_1,3,2684,0.8392276763916016,0.8121522068977356,0.8541921377182007,0.025719553232192993
47,106,decoder_2,197,2600,0.8546509146690369,0.8541921377182007,0.8541921377182007,0.7441397905349731
47,107,topk,39,2206,0.5532394647598267,0.6777995228767395,0.8404045701026917,0.7539013028144836
47,107,pre_bbox,39,2206,0.6548757553100586,0.6777995228767395,0.8404045701026917,0.7539013028144836
47,107,decoder_1,39,2206,0.6536942720413208,0.6777995228767395,0.8404045701026917,0.7539013028144836
47,107,decoder_2,136,2367,0.8617826700210571,0.7232111096382141,0.8404045701026917,0.022503703832626343
48,108,topk,131,2126,0.4945140480995178,0.7759488224983215,0.7759488224983215,0.7643805742263794
48,108,pre_bbox,131,2126,0.6997405290603638,0.7759488224983215,0.7759488224983215,0.7643805742263794
48,108,decoder_1,131,2126,0.6934797763824463,0.7759488224983215,0.7759488224983215,0.7643805742263794
48,108,decoder_2,193,2122,0.8113457560539246,0.4753134548664093,0.7759488224983215,0.040912121534347534
48,109,topk,49,2203,0.615777313709259,0.6755311489105225,0.6755311489105225,0.029477497562766075
48,109,pre_bbox,55,2284,0.6873050928115845,0.6628884077072144,0.6755311489105225,0.7719161510467529
48,109,decoder_1,55,2284,0.68593430519104,0.6628884077072144,0.6755311489105225,0.7719161510467529
48,109,decoder_2,55,2284,0.6729291081428528,0.6628884077072144,0.6755311489105225,0.7719161510467529
48,110,topk,70,2362,0.1266007274389267,0.43029066920280457,0.550144374370575,0.647498369216919
48,110,pre_bbox,2,2844,0.45118966698646545,0.5039666295051575,0.550144374370575,0.022423936054110527
48,110,decoder_1,70,2362,0.42909061908721924,0.43029066920280457,0.550144374370575,0.647498369216919
48,110,decoder_2,67,2685,0.629833996295929,0.550144374370575,0.550144374370575,0.02384093776345253
49,111,topk,62,2044,0.424441397190094,0.8094330430030823,0.8194819092750549,0.02830912172794342
49,111,pre_bbox,62,2044,0.7781416177749634,0.8094330430030823,0.8194819092750549,0.02830912172794342
49,111,decoder_1,62,2044,0.7674801349639893,0.8094330430030823,0.8194819092750549,0.02830912172794342
49,111,decoder_2,43,2125,0.8198411464691162,0.8194819092750549,0.8194819092750549,0.023718787357211113
49,112,topk,55,2121,0.38492119312286377,0.6728696823120117,0.6728696823120117,0.01979757659137249
49,112,pre_bbox,98,2200,0.700695276260376,0.5348020195960999,0.6728696823120117,0.023852474987506866
49,112,decoder_1,25,2204,0.6890179514884949,0.6285249590873718,0.6728696823120117,0.8049358129501343
49,112,decoder_2,178,2365,0.6866357326507568,0.6085746884346008,0.6728696823120117,0.019842451438307762
49,113,topk,99,2684,0.6139808893203735,0.809553861618042,0.8522006869316101,0.7694722414016724
49,113,pre_bbox,35,2282,0.8548679351806641,0.8522006869316101,0.8522006869316101,0.09826050698757172
49,113,decoder_1,35,2282,0.8623376488685608,0.8522006869316101,0.8522006869316101,0.09826050698757172
49,113,decoder_2,35,2282,0.8624285459518433,0.8522006869316101,0.8522006869316101,0.09826050698757172
50,114,topk,65,2366,0.36871325969696045,0.5823967456817627,0.6955309510231018,0.7564166188240051
50,114,pre_bbox,77,2364,0.7651217579841614,0.6955309510231018,0.6955309510231018,0.017660727724432945
50,114,decoder_1,30,2686,0.7500317096710205,0.44315648078918457,0.6955309510231018,0.0248409491032362
50,114,decoder_2,77,2364,0.7085745334625244,0.6955309510231018,0.6955309510231018,0.017660727724432945
50,115,topk,61,2443,0.5387185215950012,0.7486951947212219,0.8296293616294861,0.34440580010414124
50,115,pre_bbox,85,2444,0.814422070980072,0.7864218354225159,0.8296293616294861,0.034128736704587936
50,115,decoder_1,85,2444,0.8207606673240662,0.7864218354225159,0.8296293616294861,0.034128736704587936
50,115,decoder_2,85,2444,0.7980692386627197,0.7864218354225159,0.8296293616294861,0.034128736704587936
50,116,topk,102,2761,0.3157324492931366,0.7382297515869141,0.7938364744186401,0.05074916407465935
50,116,pre_bbox,24,2765,0.858858048915863,0.7876163125038147,0.7938364744186401,0.04023013636469841
50,116,decoder_1,24,2765,0.84714674949646,0.7876163125038147,0.7938364744186401,0.04023013636469841
50,116,decoder_2,24,2765,0.8092220425605774,0.7876163125038147,0.7938364744186401,0.04023013636469841
51,117,topk,69,2285,0.4579627811908722,0.7521432638168335,0.8403170108795166,0.7774848937988281
51,117,pre_bbox,75,2286,0.7369534373283386,0.724638044834137,0.8403170108795166,0.022241050377488136
51,117,decoder_1,75,2286,0.7454748749732971,0.724638044834137,0.8403170108795166,0.022241050377488136
51,117,decoder_2,133,2368,0.8445576429367065,0.7925053834915161,0.8403170108795166,0.019759133458137512
51,118,topk,110,2361,0.19454194605350494,0.5709272623062134,0.6223899126052856,0.15242837369441986
51,118,pre_bbox,52,2442,0.5688141584396362,0.6223899126052856,0.6223899126052856,0.021297840401530266
51,118,decoder_1,29,2443,0.5651865005493164,0.5721952319145203,0.6223899126052856,0.02172851376235485
51,118,decoder_2,52,2442,0.6362573504447937,0.6223899126052856,0.6223899126052856,0.021297840401530266
51,119,topk,16,2684,0.007117334753274918,0.6745637059211731,0.7833853363990784,0.6543859839439392
51,119,pre_bbox,187,2680,0.7510754466056824,0.7129644155502319,0.7833853363990784,0.09831555187702179
51,119,decoder_1,187,2680,0.7827288508415222,0.7129644155502319,0.7833853363990784,0.09831555187702179
51,119,decoder_2,64,2924,0.7684347033500671,0.753057599067688,0.7833853363990784,0.12155923247337341
52,120,topk,93,2045,0.45408913493156433,0.6034865975379944,0.7442527413368225,0.7871278524398804
52,120,pre_bbox,156,2127,0.7209610342979431,0.5873053073883057,0.7442527413368225,0.02213442698121071
52,120,decoder_1,156,2127,0.7666158676147461,0.5873053073883057,0.7442527413368225,0.02213442698121071
52,120,decoder_2,230,2128,0.7128607034683228,0.6887474656105042,0.7442527413368225,0.027050986886024475
52,121,topk,34,2043,0.31116288900375366,0.6640769243240356,0.76674884557724,0.018343061208724976
52,121,pre_bbox,117,2120,0.6914330124855042,0.6748414039611816,0.76674884557724,0.03058941476047039
52,121,decoder_1,117,2120,0.7279059290885925,0.6748414039611816,0.76674884557724,0.03058941476047039
52,121,decoder_2,63,2121,0.7622896432876587,0.76674884557724,0.76674884557724,0.02885255590081215
52,122,topk,31,2444,0.3201340138912201,0.5281074047088623,0.5872092247009277,0.7753689289093018
52,122,pre_bbox,289,3085,0.6967316269874573,0.5659453868865967,0.5872092247009277,0.032045356929302216
52,122,decoder_1,289,3085,0.6974483132362366,0.5659453868865967,0.5872092247009277,0.032045356929302216
52,122,decoder_2,70,2202,0.6049243807792664,0.5872092247009277,0.5872092247009277,0.030603669583797455
53,123,topk,78,2046,0.32111677527427673,0.689877986907959,0.7861815094947815,0.08025247603654861
53,123,pre_bbox,282,1883,0.758514940738678,0.6996523141860962,0.7861815094947815,0.7903251647949219
53,123,decoder_1,282,1883,0.7637413144111633,0.6996523141860962,0.7861815094947815,0.7903251647949219
53,123,decoder_2,104,2127,0.782540500164032,0.6652989387512207,0.7861815094947815,0.028021743521094322
53,124,topk,58,2043,0.3262706696987152,0.5403379797935486,0.6080650687217712,0.7791510224342346
53,124,pre_bbox,57,2204,0.6211487650871277,0.6041821837425232,0.6080650687217712,0.04347371309995651
53,124,decoder_1,24,2044,0.6114691495895386,0.5553938746452332,0.6080650687217712,0.04107563570141792
53,124,decoder_2,184,2366,0.6735689640045166,0.5901854038238525,0.6080650687217712,0.05910651013255119
53,125,topk,11,2364,0.31898391246795654,0.8297492861747742,0.8416199684143066,0.020069481804966927
53,125,pre_bbox,11,2364,0.8234008550643921,0.8297492861747742,0.8416199684143066,0.020069481804966927
53,125,decoder_1,11,2364,0.8407762050628662,0.8297492861747742,0.8416199684143066,0.020069481804966927
53,125,decoder_2,69,2685,0.841748833656311,0.7834839820861816,0.8416199684143066,0.0524965263903141
54,126,topk,44,1885,0.38038405776023865,0.7347365617752075,0.7760944962501526,0.7657099366188049
54,126,pre_bbox,44,1885,0.8076958060264587,0.7347365617752075,0.7760944962501526,0.7657099366188049
54,126,decoder_1,44,1885,0.8030582666397095,0.7347365617752075,0.7760944962501526,0.7657099366188049
54,126,decoder_2,58,1803,0.7828130125999451,0.7760944962501526,0.7760944962501526,0.03158223628997803
54,127,topk,90,1882,0.36942431330680847,0.6666963696479797,0.702846884727478,0.7836726307868958
54,127,pre_bbox,102,1961,0.7463132739067078,0.702846884727478,0.702846884727478,0.017379214987158775
54,127,decoder_1,67,2205,0.7903956770896912,0.6852394342422485,0.702846884727478,0.03617531806230545
54,127,decoder_2,102,1961,0.7149412631988525,0.702846884727478,0.702846884727478,0.017379214987158775
54,128,topk,51,2203,0.3603469133377075,0.7813155055046082,0.8354816436767578,0.7301466464996338
54,128,pre_bbox,116,2040,0.8014322519302368,0.7885842323303223,0.8354816436767578,0.018922241404652596
54,128,decoder_1,116,2040,0.8062525987625122,0.7885842323303223,0.8354816436767578,0.018922241404652596
54,128,decoder_2,115,2043,0.8470109105110168,0.8354816436767578,0.8354816436767578,0.016829434782266617
55,129,topk,54,1805,0.3965601921081543,0.7142537236213684,0.7978002429008484,0.760018527507782
55,129,pre_bbox,77,1806,0.8293415307998657,0.7460645437240601,0.7978002429008484,0.02926618978381157
55,129,decoder_1,77,1806,0.8394540548324585,0.7460645437240601,0.7978002429008484,0.02926618978381157
55,129,decoder_2,46,1804,0.7855410575866699,0.7853646278381348,0.7978002429008484,0.021666401997208595
55,130,topk,56,1962,0.6730334162712097,0.7204694151878357,0.7398084402084351,0.031150177121162415
55,130,pre_bbox,57,2044,0.7678630948066711,0.7398084402084351,0.7398084402084351,0.017398742958903313
55,130,decoder_1,57,2044,0.7454962730407715,0.7398084402084351,0.7398084402084351,0.017398742958903313
55,130,decoder_2,57,2044,0.7303058505058289,0.7398084402084351,0.7398084402084351,0.017398742958903313
55,131,topk,105,2200,0.2090635597705841,0.5977509021759033,0.7075756788253784,0.7694426774978638
55,131,pre_bbox,240,2040,0.6454855799674988,0.651613175868988,0.7075756788253784,0.021569814532995224
55,131,decoder_1,240,2040,0.6496379971504211,0.651613175868988,0.7075756788253784,0.021569814532995224
55,131,decoder_2,168,2524,0.7328859567642212,0.7075756788253784,0.7075756788253784,0.02689352259039879
56,132,topk,43,1884,0.5471901893615723,0.7557081580162048,0.8251607418060303,0.7713823318481445
56,132,pre_bbox,82,1966,0.8795660138130188,0.7645341753959656,0.8251607418060303,0.018524404615163803
56,132,decoder_1,82,1966,0.876719057559967,0.7645341753959656,0.8251607418060303,0.018524404615163803
56,132,decoder_2,40,1805,0.7826001048088074,0.7914731502532959,0.8251607418060303,0.02601306140422821
56,133,topk,285,2040,0.6937932968139648,0.6348389387130737,0.6348389387130737,0.022658610716462135
56,133,pre_bbox,16,1964,0.7330561876296997,0.5752794146537781,0.6348389387130737,0.017825990915298462
56,133,decoder_1,16,1964,0.7472550868988037,0.5752794146537781,0.6348389387130737,0.017825990915298462
56,133,decoder_2,285,2040,0.6319249272346497,0.6348389387130737,0.6348389387130737,0.022658610716462135
56,134,topk,89,2525,0.7594981789588928,0.7811846733093262,0.8742839097976685,0.08547800034284592
56,134,pre_bbox,89,2525,0.8286571502685547,0.7811846733093262,0.8742839097976685,0.08547800034284592
56,134,decoder_1,70,2123,0.8373985290527344,0.8011248707771301,0.8742839097976685,0.08107627183198929
56,134,decoder_2,113,2845,0.8834090828895569,0.85569167137146,0.8742839097976685,0.012215908616781235
57,135,topk,68,1799,0.3792744576931,0.7226641774177551,0.769420862197876,0.13525858521461487
57,135,pre_bbox,147,2041,0.7382197976112366,0.710693895816803,0.769420862197876,0.7291150093078613
57,135,decoder_1,147,2041,0.7411925792694092,0.710693895816803,0.769420862197876,0.7291150093078613
57,135,decoder_2,54,1879,0.7287541627883911,0.7257800698280334,0.769420862197876,0.021885758265852928
58,136,topk,105,1638,0.12646280229091644,0.43385955691337585,0.5593514442443848,0.7143463492393494
58,136,pre_bbox,62,1640,0.5415336489677429,0.44831568002700806,0.5593514442443848,0.038178589195013046
58,136,decoder_1,65,1720,0.56390780210495,0.4338948428630829,0.5593514442443848,0.034043874591588974
58,136,decoder_2,89,1641,0.5419399738311768,0.5593514442443848,0.5593514442443848,0.04479004070162773
59,137,topk,129,2198,0.40109312534332275,0.6517593264579773,0.7368375658988953,0.755715548992157
59,137,pre_bbox,82,2280,0.8408512473106384,0.659784734249115,0.7368375658988953,0.030002541840076447
59,137,decoder_1,82,2280,0.8085131645202637,0.659784734249115,0.7368375658988953,0.030002541840076447
59,137,decoder_2,76,2202,0.7692633867263794,0.7326920628547668,0.7368375658988953,0.05043907091021538
60,138,topk,39,1800,0.033061254769563675,0.630929708480835,0.6586807370185852,0.7310027480125427
60,138,pre_bbox,39,1800,0.8057703375816345,0.630929708480835,0.6586807370185852,0.7310027480125427
60,138,decoder_1,52,1801,0.8523470759391785,0.6446132063865662,0.6586807370185852,0.07739483565092087
60,138,decoder_2,52,1801,0.6554714441299438,0.6446132063865662,0.6586807370185852,0.07739483565092087
61,139,topk,62,2038,0.08985614031553268,0.6873834729194641,0.7020490169525146,0.07602431625127792
61,139,pre_bbox,68,2117,0.6977688670158386,0.6889833807945251,0.7020490169525146,0.03379426151514053
61,139,decoder_1,68,2117,0.672009289264679,0.6889833807945251,0.7020490169525146,0.03379426151514053
61,139,decoder_2,195,2276,0.7145851254463196,0.7020490169525146,0.7020490169525146,0.10261352360248566
62,140,topk,112,2601,0.3748624622821808,0.6871891021728516,0.7511436343193054,0.04144125431776047
62,140,pre_bbox,67,2523,0.6974219679832458,0.666987955570221,0.7511436343193054,0.056233447045087814
62,140,decoder_1,65,2600,0.6251392364501953,0.7073894739151001,0.7511436343193054,0.09598679095506668
62,140,decoder_2,41,2443,0.7655143141746521,0.6268361806869507,0.7511436343193054,0.04072028771042824
63,141,topk,28,2119,0.39288195967674255,0.6485724449157715,0.8310492038726807,0.7365652322769165
63,141,pre_bbox,31,2199,0.7538514137268066,0.8310492038726807,0.8310492038726807,0.025866301730275154
63,141,decoder_1,31,2199,0.6888856887817383,0.8310492038726807,0.8310492038726807,0.025866301730275154
63,141,decoder_2,103,2118,0.870538055896759,0.8030003309249878,0.8310492038726807,0.045692697167396545
64,142,topk,161,2120,0.001671010279096663,0.6660059094429016,0.7026342153549194,0.5808898210525513
64,142,pre_bbox,207,2603,0.6333993077278137,0.7006454467773438,0.7026342153549194,0.3095938265323639
64,142,decoder_1,207,2603,0.588200032711029,0.7006454467773438,0.7026342153549194,0.3095938265323639
64,142,decoder_2,207,2603,0.6579775214195251,0.7006454467773438,0.7026342153549194,0.3095938265323639
65,143,topk,222,2366,0.0695853903889656,0.5117535591125488,0.5666786432266235,0.0596095509827137
65,143,pre_bbox,262,2367,0.47203516960144043,0.5289204716682434,0.5666786432266235,0.7233696579933167
65,143,decoder_1,262,2367,0.5132704377174377,0.5289204716682434,0.5666786432266235,0.7233696579933167
65,143,decoder_2,262,2367,0.5377979874610901,0.5289204716682434,0.5666786432266235,0.7233696579933167
66,144,topk,0,2842,0.0,0.0,0.8781143426895142,0.019223300740122795
66,144,pre_bbox,230,1904,0.6882182359695435,0.7785941362380981,0.8781143426895142,0.4304262399673462
66,144,decoder_1,230,1904,0.6345252990722656,0.7785941362380981,0.8781143426895142,0.4304262399673462
66,144,decoder_2,183,1907,0.8855812549591064,0.8617691397666931,0.8781143426895142,0.04325783997774124
