name,variant,seed,AP,AP50,AP75,TP_0.05,TP_0.1,TP_0.2,TP_0.5,TP_lt8,TP_8to12,TP_12to16,TP_ge16,FP_localization,FP_duplicate,FP_background_or_unlabeled,image_alarm,matched_pairs,center_median,size_abslog,width_bias,height_bias,rank_gap,rank_recoverable75,candidate75
dfine_G01_v31_seed20260929,G01,20260929,33.99300818558344,86.35848345721656,15.986980211567658,34,59,101,125,4,50,5,0,3,3,0,35,142,0.7174790831196423,0.15974306662083698,0.0781287537535158,0.08009462757101242,0.08860422442302289,51,97
dfine_GM01_v31_seed20260929,GM01,20260929,39.34551694528187,95.38398429557937,17.68635830026044,104,117,138,139,14,95,8,0,2,4,0,60,142,0.7627064117164644,0.15051985622680356,0.08358928093873183,0.06923621169970612,0.03154953728991377,20,67
dfine_G01_v31_seed20260930,G01,20260930,36.28354768721935,92.77868644795859,13.268153423698998,91,133,136,136,12,101,20,0,4,2,0,63,142,0.8082038332968005,0.15877642715285606,0.05368329925083176,0.09001017512650496,0.012419373919094347,8,48
dfine_GM01_v31_seed20260930,GM01,20260930,37.20983340730867,91.31086199863846,14.31331727116599,25,64,136,136,6,56,2,0,5,1,0,40,142,0.7843841539402678,0.15686527127496006,0.04927870305722135,0.09588135119487906,0.0076520639145766295,5,50
dfine_G01_v31_seed20261001,G01,20261001,37.057718395110975,92.50876393260663,15.196496878803648,95,101,130,135,12,77,12,0,4,2,0,51,142,0.7320088355507621,0.15320323867679184,0.07029610876364331,0.08475654254995045,0.04923929996312634,29,76
dfine_GM01_v31_seed20261001,GM01,20261001,37.59322063244498,93.65749424276277,15.329718088581187,73,82,123,139,13,62,7,0,1,5,0,45,142,0.8598864618515418,0.14502884314364636,0.02882796445889514,0.07720729806750816,0.05400799552882776,34,79
dfine_M_seed20260929,M,20260929,37.40918282085125,93.1869225082455,20.638703830502177,52,123,136,136,12,96,15,0,5,1,0,61,142,0.7411875101340977,0.15120756418707584,0.06653508707692886,0.07679484608632378,0.008165564998495696,8,63
dfine_M_seed20260930,M,20260930,36.08986132166403,90.37742488200355,19.368321350579347,42,75,112,137,12,61,2,0,1,5,0,38,142,0.7480013900435001,0.15369759829113389,0.06847129978584066,0.0741489029579942,0.028090021484634367,22,71
dfine_M_seed20261001,M,20261001,38.06173809789529,94.9453974519513,16.8673350905292,106,130,139,139,15,98,17,0,2,4,0,62,142,0.8122208079261704,0.1503217376480159,0.05589759628745859,0.0727295234761263,0.025115824899232808,14,61
dfine_s_seed20260930,dfine_s,20260930,36.23891548187483,89.43845011963691,14.116248376901455,55,90,121,130,6,72,12,0,5,1,0,51,142,0.7882001587384342,0.16197391526332264,0.08129906748603863,0.08963310720381223,0.07220616671794283,45,86
dfine_s_seed20261001,dfine_s,20261001,35.96062446325487,88.51352698571226,17.514915981249736,50,102,118,131,7,81,14,0,4,2,0,52,142,0.7667594391966488,0.15839318608716899,0.05818927861672143,0.08725434063517437,0.046215589462579386,29,77
dfine_s,dfine_s,20260929,35.68775695826049,92.35986939838467,18.29231895568892,38,113,131,135,11,88,14,0,5,1,0,50,142,0.7346526353070522,0.1609631119980505,0.0497332204897486,0.0810256900710421,0.03458645015009852,13,63
