name,variant,seed,setting,TP,FP,threshold,image_alarm
dfine_G01_v31_seed20260929,G01,20260929,raw,59,6,0.7314056754112244,35
dfine_G01_v31_seed20260929,G01,20260929,nms07,127,6,0.48613107204437256,61
dfine_G01_v31_seed20260929,G01,20260929,scale095,69,6,0.7225415706634521,38
dfine_G01_v31_seed20260929,G01,20260929,nms07_scale095,131,6,0.4444367289543152,63
dfine_GM01_v31_seed20260929,GM01,20260929,raw,117,6,0.477734237909317,60
dfine_GM01_v31_seed20260929,GM01,20260929,nms07,139,6,0.16221871972084045,64
dfine_GM01_v31_seed20260929,GM01,20260929,scale095,136,6,0.4467342495918274,64
dfine_GM01_v31_seed20260929,GM01,20260929,nms07_scale095,141,6,0.13952253758907318,64
dfine_G01_v31_seed20260930,G01,20260930,raw,133,6,0.704278290271759,63
dfine_G01_v31_seed20260930,G01,20260930,nms07,136,6,0.6626126170158386,64
dfine_G01_v31_seed20260930,G01,20260930,scale095,136,6,0.6899670958518982,63
dfine_G01_v31_seed20260930,G01,20260930,nms07_scale095,138,6,0.3653835952281952,64
dfine_GM01_v31_seed20260930,GM01,20260930,raw,64,6,0.5793924927711487,40
dfine_GM01_v31_seed20260930,GM01,20260930,nms07,136,6,0.3779076337814331,64
dfine_GM01_v31_seed20260930,GM01,20260930,scale095,139,6,0.4698333740234375,64
dfine_GM01_v31_seed20260930,GM01,20260930,nms07_scale095,139,6,0.10304267704486847,64
dfine_G01_v31_seed20261001,G01,20261001,raw,101,6,0.7210685014724731,51
dfine_G01_v31_seed20261001,G01,20261001,nms07,136,6,0.4474087357521057,63
dfine_G01_v31_seed20261001,G01,20261001,scale095,125,6,0.6736800074577332,59
dfine_G01_v31_seed20261001,G01,20261001,nms07_scale095,139,6,0.29583483934402466,64
dfine_GM01_v31_seed20261001,GM01,20261001,raw,82,6,0.5168976187705994,45
dfine_GM01_v31_seed20261001,GM01,20261001,nms07,138,6,0.2392142415046692,64
dfine_GM01_v31_seed20261001,GM01,20261001,scale095,94,6,0.5107579827308655,49
dfine_GM01_v31_seed20261001,GM01,20261001,nms07_scale095,139,6,0.2339409589767456,64
dfine_M_seed20260929,M,20260929,raw,123,6,0.5301551818847656,61
dfine_M_seed20260929,M,20260929,nms07,136,6,0.509183406829834,64
dfine_M_seed20260929,M,20260929,scale095,141,6,0.26093727350234985,64
dfine_M_seed20260929,M,20260929,nms07_scale095,141,6,0.08665746450424194,64
dfine_M_seed20260930,M,20260930,raw,75,6,0.5598662495613098,38
dfine_M_seed20260930,M,20260930,nms07,139,6,0.23682835698127747,64
dfine_M_seed20260930,M,20260930,scale095,83,6,0.5547695159912109,44
dfine_M_seed20260930,M,20260930,nms07_scale095,140,6,0.21829397976398468,64
dfine_M_seed20261001,M,20261001,raw,130,6,0.48433274030685425,62
dfine_M_seed20261001,M,20261001,nms07,139,6,0.21433988213539124,64
dfine_M_seed20261001,M,20261001,scale095,135,6,0.4786079227924347,63
dfine_M_seed20261001,M,20261001,nms07_scale095,140,6,0.20716172456741333,64
dfine_s_seed20260930,dfine_s,20260930,raw,90,6,0.7366921901702881,51
dfine_s_seed20260930,dfine_s,20260930,nms07,114,6,0.6884864568710327,57
dfine_s_seed20260930,dfine_s,20260930,scale095,96,6,0.7310508489608765,53
dfine_s_seed20260930,dfine_s,20260930,nms07_scale095,136,6,0.2808181941509247,63
dfine_s_seed20261001,dfine_s,20261001,raw,102,6,0.7090331315994263,52
dfine_s_seed20261001,dfine_s,20261001,nms07,132,6,0.442745178937912,61
dfine_s_seed20261001,dfine_s,20261001,scale095,115,6,0.7010169625282288,54
dfine_s_seed20261001,dfine_s,20261001,nms07_scale095,135,6,0.329071968793869,61
dfine_s,dfine_s,20260929,raw,113,6,0.7551202178001404,50
dfine_s,dfine_s,20260929,nms07,122,6,0.7384440302848816,55
dfine_s,dfine_s,20260929,scale095,125,6,0.7384440302848816,55
dfine_s,dfine_s,20260929,nms07_scale095,137,6,0.4546489715576172,64
