variant,seed,machine,GT,TP
mal,20260929,M1,56,55
mal,20260929,M2,42,42
mal,20260929,M3,46,43
mal,20260930,M1,56,54
mal,20260930,M2,42,42
mal,20260930,M3,46,44
mal,20261001,M1,56,55
mal,20261001,M2,42,42
mal,20261001,M3,46,44
edge,20260929,M1,56,55
edge,20260929,M2,42,41
edge,20260929,M3,46,44
edge,20260930,M1,56,55
edge,20260930,M2,42,42
edge,20260930,M3,46,44
edge,20261001,M1,56,56
edge,20261001,M2,42,42
edge,20261001,M3,46,44
soft10,20260929,M1,56,55
soft10,20260929,M2,42,42
soft10,20260929,M3,46,43
soft10,20260930,M1,56,56
soft10,20260930,M2,42,42
soft10,20260930,M3,46,44
soft10,20261001,M1,56,56
soft10,20261001,M2,42,42
soft10,20261001,M3,46,43
