variant,seed,gt_id,image_id,machine,group,width,height,TP,best_iou,leader_iou,best_nms_iou,best_left,best_top,best_right,best_bottom,best_center_x,best_center_y,best_width,best_height,leader_left,leader_top,leader_right,leader_bottom,leader_center_x,leader_center_y,leader_width,leader_height
mal,20260929,110,48,M3,M3_20200629,20.0,18.0,False,0.634229893824594,0.36975423956779085,0.592570600088877,2.7864837646484943,-5.362348266353905,-0.03652954101556816,-1.3066742995689253,1.374977111816463,-3.334511282961415,-2.8230133056640625,4.05567396678498,7.643951416015682,3.7032956013090086,-0.6128997802733807,-2.9614545036764355,3.5155258178711506,0.370920548816315,-8.256851196289062,-6.664750104985444
mal,20260929,136,58,M3,M3_20200727,8.0,8.0,False,0.5231044418949827,0.4059985413843362,0.5231044418949827,-1.346438598632858,-1.8028019717450547,0.5216186523437045,2.5954342236625223,-0.4124099731445767,0.39631612595871957,1.8680572509765625,4.398236195407577,0.6340667724608693,-1.9818902625031853,4.001126098632767,2.3405164985579177,2.317596435546818,0.17931311802738037,3.3670593261718977,4.322406761061103
mal,20260930,110,48,M3,M3_20200629,20.0,18.0,False,0.7296772893590012,0.3811147337432748,0.7296772893590012,0.529452514648483,1.427313195280874,-2.199298095703057,-1.3633745978859508,-0.8349227905272869,0.03196929869747578,-2.7287506103515398,-2.790687793166825,7.602093505859443,3.17103288816881,-0.686398315429642,-3.1138829353130575,3.4578475952149006,0.028574976427847787,-8.288491821289085,-6.284915823481867
mal,20260930,136,58,M3,M3_20200727,8.0,8.0,False,0.5111837993477755,0.42030882697788197,0.42030882697788197,0.676995849609284,-0.022431843662843676,3.5462097167967954,2.0232504328172354,2.111602783203068,1.0004092945771959,2.8692138671875114,2.045682276480079,0.9946655273436704,-1.6390224866886456,3.8087005615233807,1.9551303701033191,2.4016830444335255,0.158053941707351,2.8140350341797102,3.5941528567919647
mal,20261001,110,48,M3,M3_20200629,20.0,18.0,False,0.4060204534570573,0.3846866047668749,0.3846866047668749,7.787460327148494,3.2194603848409713,0.5667572021484943,-2.5820599724264355,4.177108764648494,0.3187002062072395,-7.220703125,-5.801520357267407,8.169152832031273,3.632770654395955,0.4031433105469091,-2.5061480849073803,4.286148071289119,0.5633112847442874,-7.766009521484364,-6.138918739303335
mal,20261001,136,58,M3,M3_20200727,8.0,8.0,False,0.5087949891718216,0.41170047770883617,0.507814679222293,1.141442871093659,-1.6028805127250507,1.921990966796784,1.6388400002376784,1.5317169189452216,0.017979743756313837,0.780548095703125,3.241720512962729,0.9553070068358807,-1.9014984192761233,3.852838134765534,1.958730825304258,2.404072570800679,0.0286162030140531,2.8975311279296534,3.860229244580381
edge,20260929,110,48,M3,M3_20200629,20.0,18.0,False,0.48339730795321145,0.3637387850199033,0.393579314022682,7.266708374023494,2.359473795242849,0.004614257812534106,-1.9713568078092578,3.6356613159180142,0.19405849371682393,-7.26209411621096,-4.330830603052107,7.9220153808594205,3.6415381750761355,-0.8884094238280795,-2.655965499413611,3.5168029785156705,0.4927863378312338,-8.8104248046875,-6.297503674489747
edge,20260929,136,58,M3,M3_20200727,8.0,8.0,False,0.5291486089686348,0.44176931470158176,0.4834716646149661,-0.32111206054696595,-2.222557330953663,2.015649414062409,1.4783036733012125,0.8472686767577216,-0.37212682882622516,2.336761474609375,3.7008610042548753,0.4702880859374545,-1.731754821405957,3.6541778564452443,2.123980725270968,2.0622329711913494,0.19611295193249134,3.1838897705077898,3.855735546676925
edge,20260930,110,48,M3,M3_20200629,20.0,18.0,False,0.4765324201898001,0.3777906861350806,0.3777906861350806,7.3032104492187955,2.1902798851895966,0.013897705078193212,-2.2912476328758373,3.6585540771484943,-0.05048387384309194,-7.289312744140602,-4.481527518065434,7.752578735351619,2.9790819024943573,-0.8651733398436932,-3.0720791768349898,3.443702697753963,-0.04649863717034464,-8.617752075195312,-6.051161079329347
edge,20260930,136,58,M3,M3_20200727,8.0,8.0,False,0.5445531260976285,0.4048853198286716,0.5445531260976285,-1.6788574218750796,-1.8448530897407522,-0.07653198242195458,2.2137859723630697,-0.8776947021485171,0.18446644131114454,1.602325439453125,4.058639062103822,0.06047058105463066,-2.5116244116854887,3.9034576416015057,2.6937321475263047,1.9819641113280682,0.09105386792040804,3.842987060546875,5.205356559211793
edge,20261001,110,48,M3,M3_20200629,20.0,18.0,False,0.5397503003082643,0.3989843139344453,0.5397503003082643,6.629913330078182,1.2765613114858638,1.649267578125034,-1.1535862425519383,4.139590454101608,0.06148753446697697,-4.980645751953148,-2.430147554037802,8.217877197265693,3.6481344288793878,0.13702697753910797,-2.1041613843812854,4.177452087402401,0.7719865222490796,-8.080850219726585,-5.752295813260673
edge,20261001,136,58,M3,M3_20200727,8.0,8.0,False,0.5632658164748987,0.42709438502474295,0.4781494969749804,0.577294921874909,-1.8026508075953984,1.3749542236327557,1.6555642520679896,0.9761245727538039,-0.07354327776369018,0.7976593017578466,3.458215059663388,0.4618560791014943,-1.9136740044212956,3.9541046142577443,2.0512432848947526,2.2079803466796193,0.06878464023674269,3.49224853515625,3.9649172893160483
soft10,20260929,110,48,M3,M3_20200629,20.0,18.0,False,0.5033779862051568,0.3990524343987571,0.5033779862051568,3.678930664062534,2.3960005506782807,-1.627954101562466,-3.270598931921853,1.025488281250034,-0.4372991906217578,-5.306884765625,-5.666599482600134,7.686798095703182,3.2803108261759064,-0.6270446777343182,-2.4266082577965733,3.529876708984432,0.42685128418966656,-8.3138427734375,-5.70691908397248
soft10,20260929,136,58,M3,M3_20200727,8.0,8.0,False,0.5385462964679211,0.3709867847864889,0.5385462964679211,0.03967895507804542,-2.0277617108265815,2.9627532958983807,0.768794123589629,1.501216125488213,-0.6294837936184763,2.9230743408203352,2.7965558344162105,0.6145935058593182,-2.0796934673317082,4.779205322265568,2.6081732388200294,2.696899414062443,0.2642398857441606,4.16461181640625,4.687866706151738
soft10,20260930,110,48,M3,M3_20200629,20.0,18.0,False,0.5625565866684916,0.37959242360307466,0.5625565866684916,4.014865112304733,0.7965464253455252,2.1762268066406705,-3.4833830858582076,3.0955459594727017,-1.3434183302563554,-1.8386383056640625,-4.279929511203733,7.930145263671932,3.1665254480699048,-0.5951843261718182,-2.924350576033163,3.667480468750057,0.12108743601837091,-8.52532958984375,-6.090876024103068
soft10,20260930,136,58,M3,M3_20200727,8.0,8.0,False,0.8397756602115225,0.4172901979533581,0.7840589147615635,-0.23717651367195458,-0.6148578883668279,0.17505493164054542,-0.41042366569473643,-0.03106079101570458,-0.5126407770307821,0.4122314453125,0.20443422267209144,0.7101745605468182,-2.0018576724534114,3.973083496093693,1.9021816911368319,2.3416290283202557,-0.049837990658289755,3.262908935546875,3.9040393635902433
soft10,20261001,110,48,M3,M3_20200629,20.0,18.0,False,0.6531198172349768,0.4539339037725095,0.6531198172349768,4.836450195312523,0.7509223365397304,0.7300964355468977,-1.2398322610293633,2.7832733154297102,-0.24445496224481644,-4.106353759765625,-1.9907545975690937,7.580368041992244,3.0935543903715086,0.7205657958984943,-1.392645474137879,4.150466918945369,0.8504544581167863,-6.85980224609375,-4.486199864509388
soft10,20261001,136,58,M3,M3_20200727,8.0,8.0,False,0.6023414587522371,0.4293080227689886,0.6023414587522371,1.818200683593659,-0.24458817487800388,1.8803253173827557,0.1350865238336496,1.849263000488179,-0.05475082552217714,0.062124633789096606,0.3796746987116535,0.27352294921865905,-2.1493801403239274,3.657830810546784,2.305652548768677,1.9656768798827216,0.07813620422237477,3.384307861328125,4.455032689092604
