variant,seed,AP,AP75,TP,precise_candidate,precise_leader,precise_after_nms
mal,20260929,0.386805565175969,0.5375075313100304,0,0,0,0
mal,20260930,0.5383533830789275,0.2678561360767642,0,0,-1,-1
mal,20261001,0.264933417356616,0.2977896333524406,0,0,0,0
edge,20260929,1.4514745643144593,1.9867141465665803,0,0,0,3
edge,20260930,1.2425717891429429,2.2247055776576605,0,0,0,1
edge,20261001,0.8831432734944968,1.1254052795915275,0,0,0,0
soft10,20260929,1.5752472452741983,2.815961242190159,0,0,0,-1
soft10,20260930,0.9130019904920914,1.087392930797586,0,0,0,-1
soft10,20261001,1.2877929867164397,1.8687090796013308,0,0,0,-2
