seed,model,mean_best_iou,coverage_iou50,coverage_iou75
20260929,MAL,0.7849947850273329,141,103
20260929,UQ,0.7849947850273329,141,103
20260929,BR,0.7783713730579145,141,91
20260929,BPS,0.7870597504092177,141,104
20260930,MAL,0.8056791425628088,142,107
20260930,UQ,0.8056791425628088,142,107
20260930,BR,0.7924110195923639,142,103
20260930,BPS,0.7953249380079367,142,106
20261001,MAL,0.7833937731215098,141,96
20261001,UQ,0.7833937731215098,141,96
20261001,BR,0.7765098170615494,141,93
20261001,BPS,0.7778810503375171,141,94
