seed,model,setting,AP,AP50,AP75,TP_FP6,FP
20260929,MAL,raw,37.40918282085125,93.1869225082455,20.638703830502177,123,6
20260929,MAL,hard_nms07,36.65353410303609,93.0190862479583,18.65711174374134,136,6
20260929,MAL,hard_nms07_scale095,39.45611366291327,98.94714823595038,17.72739112694691,141,6
20260929,UQ,raw,38.032584666824405,93.62193405454718,22.080692846604194,124,6
20260929,UQ,hard_nms07,37.89802859212584,94.12303345275886,20.482247027411795,136,6
20260929,UQ,hard_nms07_scale095,40.61060183540164,98.94714823595038,19.387251472672055,141,6
20260929,BR,raw,37.10295569330558,95.24922598098357,18.54489202031666,137,6
20260929,BR,hard_nms07,36.096863579877535,94.5153679519528,16.80391734302308,137,6
20260929,BR,hard_nms07_scale095,39.07453606674727,98.94714823595038,18.783836908836484,141,6
20260929,BPS,raw,38.071869607199275,94.03059241260875,21.515546673133553,131,6
20260929,BPS,hard_nms07,37.81453026870201,94.56066749193705,19.409533278625236,136,6
20260929,BPS,hard_nms07_scale095,40.135426963658375,98.98201087714408,19.871695662743775,141,6
20260930,MAL,raw,36.08986132166403,90.37742488200355,19.368321350579347,75,6
20260930,MAL,hard_nms07,37.67997283067169,96.41734845270666,18.023477416542587,139,6
20260930,MAL,hard_nms07_scale095,40.47317798245316,97.7858736577883,22.673370810810344,140,6
20260930,UQ,raw,35.83128147056313,89.82641590279073,18.853338264787205,68,6
20260930,UQ,hard_nms07,38.54390206525975,96.85220042505513,18.31301433211843,139,6
20260930,UQ,hard_nms07_scale095,40.97804080644627,97.77150906783206,22.298052584884182,140,6
20260930,BR,raw,34.671850571800995,88.90214718867708,14.9456184925953,72,6
20260930,BR,hard_nms07,36.02936406574693,94.47398377172983,13.408721192692616,137,6
20260930,BR,hard_nms07_scale095,38.94987830731052,96.23659623189894,19.009382438372384,139,6
20260930,BPS,raw,34.76536917237284,88.30021358906761,15.258745881455221,63,6
20260930,BPS,hard_nms07,37.01600446195468,94.89294379537948,14.429023929498905,137,6
20260930,BPS,hard_nms07_scale095,39.56950844899818,96.27806442616095,18.907372602819276,139,6
20261001,MAL,raw,38.06173809789529,94.9453974519513,16.8673350905292,130,6
20261001,MAL,hard_nms07,37.580651290545944,95.86776272654757,14.821560438469913,139,6
20261001,MAL,hard_nms07_scale095,39.405647748243574,97.3456920160101,22.697181247505995,140,6
20261001,UQ,raw,38.21017662502786,94.71048784091212,17.12429177485963,127,6
20261001,UQ,hard_nms07,37.83955288548436,95.77324274489914,14.733794589196739,139,6
20261001,UQ,hard_nms07_scale095,39.73476674842411,97.31492452112774,23.22024024687935,140,6
20261001,BR,raw,36.76766824800433,93.934029319319,15.573262284276101,123,6
20261001,BR,hard_nms07,36.79666129077152,95.25057661248941,13.829241077562656,138,6
20261001,BR,hard_nms07_scale095,39.76396434031522,97.6076131424567,20.60395874683752,140,6
20261001,BPS,raw,36.68719278850117,93.63331024346714,15.34354269425763,112,6
20261001,BPS,hard_nms07,36.93411869672673,95.26641305339896,13.462633768100055,138,6
20261001,BPS,hard_nms07_scale095,39.995002488465715,97.66956193283164,20.38505293522626,140,6
