ID,Original_ID,Chicken_ID,Bone_Class,Bone_ID,FO_size,Attenuation,Contrast
0,000,1,1,1,4.0,0.370,0.134
1,001,1,1,1,4.0,0.428,0.200
2,002,1,1,2,6.0,0.336,0.158
3,003,1,1,2,6.0,0.393,0.095
4,004,1,1,3,3.0,0.524,0.047
5,005,1,1,3,3.0,0.277,0.095
6,007,1,1,4,9.0,0.291,0.240
7,008,1,1,4,9.0,0.452,0.112
8,009,1,1,5,5.0,0.366,0.111
9,010,1,1,5,5.0,0.338,0.123
10,011,1,1,6,5.0,0.427,0.086
11,012,1,1,6,5.0,0.374,0.133
12,013,1,1,7,12.0,0.401,0.145
13,014,1,1,7,12.0,0.308,0.346
14,015,1,1,8,10.0,0.257,0.204
15,016,1,1,8,10.0,0.429,0.154
16,017,1,1,9,3.0,0.300,0.102
17,018,1,1,9,3.0,0.237,0.040
18,019,1,1,10,6.0,0.302,0.148
19,020,1,1,10,6.0,0.326,0.134
20,021,1,1,11,1.5,0.267,0.099
21,022,1,1,11,1.5,0.189,0.079
22,023,1,1,12,8.5,0.231,0.186
23,024,1,1,12,8.5,0.304,0.158
24,025,1,1,13,7.0,0.390,0.150
25,026,1,1,13,7.0,0.236,0.587
26,027,1,1,14,9.0,0.402,0.236
27,028,1,1,14,9.0,0.192,0.598
28,029,1,1,15,6.0,0.401,0.182
29,030,1,1,15,6.0,0.387,0.126
30,042,2,1,1,4.0,0.340,0.111
31,043,2,1,1,4.0,0.460,0.112
32,045,2,1,2,6.0,0.380,-0.003
33,046,2,1,2,6.0,0.423,0.176
34,048,2,1,3,3.0,0.548,0.013
35,049,2,1,3,3.0,0.469,0.068
36,051,2,1,4,9.0,0.372,0.129
37,053,2,1,5,5.0,0.459,-0.021
38,055,2,1,6,5.0,0.292,0.022
39,057,2,1,7,12.0,0.390,0.256
40,059,2,1,8,10.0,0.568,0.104
41,061,2,1,9,3.0,0.269,0.004
42,063,2,1,10,6.0,0.542,0.092
43,065,2,1,16,1.5,0.506,0.085
44,067,2,1,17,8.5,0.594,0.088
45,069,2,1,13,7.0,0.338,0.196
46,071,2,1,14,9.0,0.367,0.326
47,073,2,1,15,6.0,0.405,0.151
48,075,3,1,1,4.0,0.213,0.755
49,077,3,1,2,6.0,0.177,0.748
50,079,3,1,3,3.0,0.143,-0.221
51,081,3,1,4,9.0,0.229,-0.653
52,083,3,1,5,5.0,0.486,0.116
53,085,3,1,6,5.0,0.489,0.124
54,087,3,1,7,12.0,0.609,0.058
55,089,3,1,8,10.0,0.709,-0.016
56,091,3,1,9,3.0,0.273,-0.154
57,093,3,1,10,6.0,0.193,0.612
58,095,4,1,16,1.5,0.165,0.050
59,097,4,1,17,8.5,0.279,-0.437
60,099,4,1,13,7.0,0.394,0.446
61,101,4,1,14,9.0,0.459,0.199
62,103,4,1,15,6.0,0.393,0.118
63,105,5,1,1,4.0,0.358,0.180
64,107,5,1,2,6.0,0.306,0.150
65,109,5,1,3,3.0,0.076,1.551
66,111,5,1,4,9.0,0.483,0.141
67,113,5,1,5,5.0,0.497,0.044
68,115,6,1,6,5.0,0.132,1.820
69,117,6,1,7,12.0,0.540,0.144
70,119,6,1,8,10.0,0.594,0.072
