,1호기,2호기,3호기
크기: 반치 면적 px,1.00 ~ 4.00 (중앙 3.00),2.00 ~ 4.00 (중앙 3.00),2.00 ~ 7.00 (중앙 4.00)
"크기: 코어 한 변 (416 입력 기준, px)",1.18 ~ 2.36 (중앙 2.05),1.86 ~ 2.63 (중앙 2.28),1.02 ~ 1.91 (중앙 1.44)
위치: u (제품 가로),0.26 ~ 0.77 (중앙 0.29),0.26 ~ 0.78 (중앙 0.29),0.19 ~ 0.35 (중앙 0.28)
위치: v (제품 세로),0.31 ~ 0.73 (중앙 0.49),0.32 ~ 0.72 (중앙 0.49),0.30 ~ 0.71 (중앙 0.47)
위치: 제품 가장자리 거리 px,39.54 ~ 63.00 (중앙 46.56),40.38 ~ 62.83 (중앙 46.00),47.71 ~ 84.00 (중앙 60.00)
형상: 평균 패치와 NCC,0.20 ~ 0.92 (중앙 0.83),0.19 ~ 0.89 (중앙 0.80),0.60 ~ 0.79 (중앙 0.71)
밀도: 최대 감쇠율,0.42 ~ 0.56 (중앙 0.49),0.44 ~ 0.58 (중앙 0.51),0.41 ~ 0.60 (중앙 0.50)
밀도: 광학 밀도 OD,0.55 ~ 0.82 (중앙 0.68),0.58 ~ 0.86 (중앙 0.71),0.53 ~ 0.93 (중앙 0.69)
대비: 국소 배경 밝기,105.00 ~ 118.00 (중앙 113.00),67.50 ~ 83.00 (중앙 75.50),85.50 ~ 97.35 (중앙 90.00)
대비: 밝기 차,26.79 ~ 48.71 (중앙 38.25),18.94 ~ 33.56 (중앙 26.75),25.50 ~ 40.25 (중앙 32.50)
대비: CNR,12.42 ~ 32.01 (중앙 24.28),9.61 ~ 22.60 (중앙 17.37),6.09 ~ 12.96 (중앙 8.37)
