image_id,file_name,width,height,source_sha256,threshold,detections,status,auto_pass_authorized
1,001_20200622_203305(8).png,576,444,d4f116bc7040a425dc72599cd31897ac61850c8f622edfb6afb24f9c20386a52,0.19337229430675507,3,detections_present,False
2,001_20200622_203309(1).png,576,444,39acca1c7a780b88e23b28da1486a24906501ae91917772e1a139aff0f67df24,0.19337229430675507,3,detections_present,False
3,001_20200622_203312(6).png,576,444,b0b6903868833e776dde5d16bef1a4b244fac4f16e283078e568bf9fdfb99ea4,0.19337229430675507,3,detections_present,False
4,001_20200622_203316(0).png,576,444,2c0435510ed2d7baa4520a8ceaaea405c316a53f631fc4fa303e37fb574b40f9,0.19337229430675507,3,detections_present,False
5,001_20200622_203319(4).png,576,444,05dac4dc48043ad3b05e6990d95bfb28ef426db08486885130529dc273c86ce0,0.19337229430675507,3,detections_present,False
6,001_20200622_203330(3).png,576,444,bd206e45d28a988251b15add79becd1a976996550c0fabb729e094bf97f60d27,0.19337229430675507,3,detections_present,False
7,001_20200625_003507(0).png,576,444,0a85d4d32716c4b61418e546057979f4ff726d423f7cee2bd1e1d26737a62de3,0.19337229430675507,3,detections_present,False
8,001_20200625_003511(4).png,576,444,cafc78469cb8b8d84c78aa790c431722848555d5544e9bb8763d863ebc4f60c1,0.19337229430675507,3,detections_present,False
9,001_20200625_003515(9).png,576,444,47e22d2b43241b7add200d044f134513fcb76d372b802b76fecfa051aed6cb5c,0.19337229430675507,3,detections_present,False
10,001_20200625_003520(4).png,576,444,5785d2a3a47598937eb814ceb98e179227725f2c2e420f820ab5f37106aa187a,0.19337229430675507,3,detections_present,False
11,001_20200625_003524(9).png,576,444,f079d187f1df69bfa394ac89a0370223354e9d0825c2b6ffb3d808fba0965b93,0.19337229430675507,3,detections_present,False
12,001_20200625_003529(2).png,576,444,d79d62f81b809a97d5134d7c39c4c3841ccf7177f540a7eb29d537b20e2b941c,0.19337229430675507,3,detections_present,False
13,001_20200625_043323(7).png,576,444,a00abdfa5460726d950992b68638a70ceb4233cc5482cb7905b38640653d4973,0.19337229430675507,3,detections_present,False
14,001_20200625_043328(3).png,576,444,122b45e2d540b646e991f1f3cc20bbfc2b57822b5b2a9549aea387fdbc645660,0.19337229430675507,3,detections_present,False
15,001_20200625_043337(3).png,576,444,c7be4a4640e348a46070188b2a3004d3d5433e5a25aa9add9abf3f9bad867ffc,0.19337229430675507,3,detections_present,False
16,001_20200625_043341(7).png,576,444,68ae2aa6ff67f334d966de99ba5b6b4315468525ab5d8bb78ff4db2df10a01f3,0.19337229430675507,3,detections_present,False
17,001_20200625_043346(2).png,576,444,af9c00ae4a4cd21041e7581429b6dda3ef2f3e82c42687cdaf74e5541b6135e0,0.19337229430675507,3,detections_present,False
18,001_20200625_043359(8).png,576,444,9229e29a839ece39f859f39521ab38ff057ddcb7b25d222b1f8c61c39a498b47,0.19337229430675507,3,detections_present,False
19,001_20200810_085043(8).png,576,444,1dcbd9771d8e23e0543536b2bba21e24bee04d871d2afc5260705761b05c79a6,0.19337229430675507,1,detections_present,False
20,001_20200810_123047(8).png,576,444,67f07ae431e861b253bd00f376136216ae610b325bafcd1f51b0a9829641911c,0.19337229430675507,1,detections_present,False
21,001_20200810_123051(3).png,576,444,b86ebde0b2c8048671cccd786af2f7727eda10d95c13b27ee8a203065975ebb1,0.19337229430675507,1,detections_present,False
22,001_20200810_163112(8).png,576,444,c8c529ee127cc7a25cab8e94f8bd7fedddfe6e595ccb26a669e20e13a3ad83cb,0.19337229430675507,1,detections_present,False
23,001_20200810_163116(0).png,576,444,db301427b9f2cc3b0aea344f60f1c61122dd8e50015503c23e7dcd9555e3f5c5,0.19337229430675507,1,detections_present,False
24,001_20200810_203208(7).png,576,444,3a0bdceee1e2cefde08b527f63b472bd1e36b4c568b0cce1b284817c04f007bf,0.19337229430675507,1,detections_present,False
25,001_20200810_203212(6).png,576,444,11930d006d03230031b86daba512e17f27f4bcf2113e6e0b0e2bf833fdf41c51,0.19337229430675507,1,detections_present,False
26,001_20200831_083711(6).png,576,444,6d71460f6074fc54cd60b0811ad969b778e07aeea9c0c7a79712f626e92e4153,0.19337229430675507,1,detections_present,False
27,001_20200831_083714(8).png,576,444,48ad1b68d47f50af0ed8fb96e952c750ee19d5bc2c586577d700b4cb19b6d8b7,0.19337229430675507,1,detections_present,False
28,001_20200831_123316(5).png,576,444,9afa6ff96758a39f88e8c2223df0b280c7f3bd5511d12a1f763354218038b507,0.19337229430675507,1,detections_present,False
29,002_20200629_082823(5).png,316,332,c4b3203d405be56325f5d4f566532a2cc454cc0f43869d43a0d9512fd9ab02e4,0.19337229430675507,3,detections_present,False
30,002_20200629_082828(5).png,316,332,16eac5fcec6c2677bfaaacc90245868872ec99f89dc9ebf41c6a6aaac97649f5,0.19337229430675507,3,detections_present,False
31,002_20200629_082831(3).png,316,332,ccd3d1f015e0305996e4da322aa6562472429f7333c9c72108e0e09402bcd7be,0.19337229430675507,3,detections_present,False
32,002_20200629_082834(2).png,316,332,aa12b5cb63f33698cded813449675faafc0b32559f26418f875229d00fbae9e6,0.19337229430675507,3,detections_present,False
33,002_20200629_082837(0).png,316,332,5a9edbe3ac5ac7ed8bba995f4feecd7db6688413f81533c332c7e9434ae5efcd,0.19337229430675507,3,detections_present,False
34,002_20200629_082839(9).png,316,332,ca94ef69a85c28b4dfa61c67cdea8a673225e1b52813475d6210a2c4eb76bbbd,0.19337229430675507,3,detections_present,False
35,002_20200629_123442(5).png,316,332,dbe7d82a8e2894d73a633ce73838f39fef68e56818bc370a0b70041e752ec2ea,0.19337229430675507,3,detections_present,False
36,002_20200629_123447(0).png,316,332,b64f12bf6c56e6071473a6249b3b325a89715f019faa10f8d6ddbc19e6f8bacb,0.19337229430675507,3,detections_present,False
37,002_20200629_123451(5).png,316,332,6461590ac319c8329c0dbc805da55d92a1192f9906f83f3ab698fd8cb7582506,0.19337229430675507,3,detections_present,False
38,002_20200629_123456(0).png,316,332,c74f9a4957b1253a370155565ec1808463394a773026cd9ab78422b9b4faaf50,0.19337229430675507,3,detections_present,False
39,002_20200629_123500(5).png,316,332,9531af9528fc3f5cc0ed54a15f158f132a3ebb651d78abddbd2c65aa8c73ed29,0.19337229430675507,3,detections_present,False
40,002_20200629_123505(0).png,316,332,3a9b533e06e32c452601cf160312d5b783d2783f310535049a5a8bee4e2a9157,0.19337229430675507,3,detections_present,False
41,002_20200629_163656(7).png,316,332,f0b4ad643e2942bd645e352f0316e4a8d1edb23a96a407cd0b822225162ab90f,0.19337229430675507,3,detections_present,False
42,002_20200629_163659(7).png,316,332,83a45b6d5845e9918a594b0ddac7839a5d9ddaff31f4216c791b8d5165a577d7,0.19337229430675507,3,detections_present,False
43,002_20200629_163702(8).png,316,332,2f3bd39ce5716bc3e2c07b996cedbd0ae273e38433dd2aa1ecfef2d8006792d5,0.19337229430675507,4,detections_present,False
44,002_20200629_163705(8).png,316,332,d6a1fdc09a0624b4c93a961ec48320224292d7831a1d9d23b264e033cc26f0e1,0.19337229430675507,3,detections_present,False
45,002_20200629_163708(9).png,316,332,5463cae98c171b6013aec04eec03a891b072847b96446e6ddbdf1606cdfd0782,0.19337229430675507,3,detections_present,False
46,002_20200629_163711(8).png,316,332,d1c4165c010432ad74a8809324b2fc4ed3bcd68ff9ebdcf0661e9eeae40a034e,0.19337229430675507,3,detections_present,False
47,002_20200714_042641(8).png,352,332,80c14ecf0a396b1869598c01c36ec9456b4e2b418ba8c80fbb4f9a3f4332a4c1,0.19337229430675507,3,detections_present,False
48,002_20200714_083054(2).png,352,332,41a75ea2b639423afa3760373a265ce60acb45b78d658df98d84ba743cfdfcc2,0.19337229430675507,4,detections_present,False
49,002_20200714_083057(5).png,352,332,72b828825210ce32ab6871ee92b16c578dd324584bf812216acc27aeeafa9c8d,0.19337229430675507,3,detections_present,False
50,002_20200714_083101(7).png,352,332,8c6698cdae962115af1f20f16f780e6e74a03bef0aabe0775e8f87c7e3bd4b25,0.19337229430675507,3,detections_present,False
51,002_20200714_083106(2).png,352,332,42b1610b56955017afa20cc06284b951085fee4d0f70c0d8b24ed3148f368916,0.19337229430675507,3,detections_present,False
52,002_20200714_083110(8).png,352,332,0e580fc54fbcff38a8cc45a2dea154098cfdd0e84669e988ac8888efd9637332,0.19337229430675507,3,detections_present,False
53,002_20200714_083115(1).png,352,332,3e8576ee22a7d724685f3ab794b3c3cc60b2aa9651b540e6c1a445ee52b0ec25,0.19337229430675507,3,detections_present,False
54,002_20200714_123109(8).png,352,332,a53ffba961f9a3faf70a7f0a512f26d0e3220f98ba56f0f76e41f60805fcda13,0.19337229430675507,3,detections_present,False
55,002_20200714_123113(1).png,352,332,bb6903f93c17dee3d58a11540a3e074f15a4603773519861e9e5a8c78038469d,0.19337229430675507,3,detections_present,False
56,002_20200714_123117(3).png,352,332,194b0217d4e988cc66027ccff37fde3e624f8386d419ce5a97d1909421fc2256,0.19337229430675507,3,detections_present,False
57,002_20200714_123120(4).png,352,332,201c19f0d452afd94015efa7e94faf737b3ceb0c009a6bd0eee4e9aa359435e4,0.19337229430675507,3,detections_present,False
58,002_20200714_123123(5).png,352,332,445ffa60a025b9779817be4e971d4c082928920c491005299a67446e5f12deee,0.19337229430675507,3,detections_present,False
59,002_20200714_123126(4).png,352,332,35fa62fb54343e5614fcb2c049af76e6094a3183108b244fd335803c062dbc14,0.19337229430675507,3,detections_present,False
60,002_20200714_163046(2).png,352,332,f51478418a483e186bce7df21d409e98601a2fbc0cb97d8ce80063cc1fce8ab2,0.19337229430675507,3,detections_present,False
61,002_20200714_163049(8).png,352,332,d6f7c04b6816049c2b2864c69dbc7ca2c7a75641983d0cc8753066b1faff5d82,0.19337229430675507,3,detections_present,False
62,002_20200714_163053(5).png,352,332,7f4e303659872cc0f9646fbae9a5ae9ead3baba3504d06ede70342dcff3db5bb,0.19337229430675507,3,detections_present,False
63,002_20200714_163056(8).png,352,332,23abed4ce84b0a1c4c25d7cd100879a279a9ff004932037006287c839567a7e8,0.19337229430675507,3,detections_present,False
64,002_20200714_163100(2).png,352,332,e6c34ddba2453f5e73ca6478cf9083aae4441febe0c5766c1b5a10995865abb4,0.19337229430675507,4,detections_present,False
65,002_20200714_163103(5).png,352,332,98840ec1af8f57e82770d0dfa6ae324177a1f930afa5869c31b5abc6e0eb9375,0.19337229430675507,3,detections_present,False
66,002_20200714_225756(0).png,352,332,7e73d988b49ce38e4e66f00e536aa6453de33c40e45d13d260b77bf19556701e,0.19337229430675507,3,detections_present,False
67,002_20200714_225759(8).png,352,332,a4e3097441be27bad0b08fedb95eb1a70dd0e3ebfe254b66cc086f37222f9b63,0.19337229430675507,3,detections_present,False
68,002_20200714_225803(3).png,352,332,1347bc62df3c5c012f5f7c7d7974dcb5288e0879837492674e497fcb6a225d7b,0.19337229430675507,3,detections_present,False
69,002_20200714_225807(3).png,352,332,782ed99832e6d462394853632ac17f699639d44bedfb900c3ffabb64fad2aca0,0.19337229430675507,3,detections_present,False
70,002_20200714_225810(5).png,352,332,a88d7ee922dfe99a377e91edca98827e180c2a7aaab78887bd183a943f2a6d47,0.19337229430675507,4,detections_present,False
71,002_20200714_225817(4).png,352,332,e6dbb68bd9496e6aae093b132dcb742753dc592e5a34421ef51fdbc4c60f2b69,0.19337229430675507,3,detections_present,False
72,002_20200831_163149(1).png,316,332,1a93c5b3e76a6ce545d101bf276c6f96003ae9d47f63c54debd322f61a528247,0.19337229430675507,1,detections_present,False
73,002_20200831_163150(6).png,316,332,d6f3519ad04ed67b47887a9c0244db9ae6efc87df9146c3a436dbff49a5bc404,0.19337229430675507,1,detections_present,False
74,002_20200831_203101(4).png,316,332,42dddde174b5fe422e2ab27b4ef83f8e1b891fa9b85abf045c5cdad30679a049,0.19337229430675507,1,detections_present,False
75,002_20200831_203105(9).png,316,332,664d9ec6737dcd1fd7a28545898fdd0874a1fe3c6fdbaf359892d009e3c1f1a3,0.19337229430675507,1,detections_present,False
76,002_20200904_230054(2).png,316,332,aa82878fb0cbbba62e0b209aa786e0c01267f90d0fbb0e339dde76b0b3eb90cd,0.19337229430675507,1,detections_present,False
77,002_20200904_230057(6).png,316,332,9c25cb6612ff0200bdc06569827fef2121381492100141c68fc004cd62f86acc,0.19337229430675507,1,detections_present,False
78,002_20200904_230105(4).png,316,332,9db7bd3c64eb19c68e47a40531b3d7ef29aab2806d9fb6d24266149a21dc54cf,0.19337229430675507,1,detections_present,False
79,002_20200906_003059(0).png,316,332,5c8bbe98dde43fa1aa64fe32aa69edd223c152c27d5ff0687d2576f2884536c3,0.19337229430675507,3,detections_present,False
80,002_20200906_003114(8).png,316,332,7055fa936d2c9ad0cebc0160dcf76f496cd5e728354e2203080e61a12e6e4cd9,0.19337229430675507,2,detections_present,False
81,002_20200906_003118(7).png,316,332,6da0f5f8fbb4503332dcd158efb501efb0be37a5280f8ced81a0fa12cf401e9a,0.19337229430675507,1,detections_present,False
82,002_20200906_003122(7).png,316,332,1f53582e4a839a4652510d5baaa0ab84a945ca5934df0a1e555e250c6b693ea5,0.19337229430675507,1,detections_present,False
83,002_20200906_003126(8).png,316,332,a78fd07d7b35288ac74951b0f9ba5d6151b6f9d8c7b67f2cf2ecd965569c33f4,0.19337229430675507,1,detections_present,False
84,002_20200906_003132(7).png,316,332,7cb3ef2cd9d14f9e22805d90589f727af451397d22fc719e790919cc5c5cd4aa,0.19337229430675507,1,detections_present,False
