id,name,title,first_author,bibliography,paper_url,code_url,source_urls,checked_on
A1,Faster R-CNN,Faster R-CNN: Towards Real-Time Object Detection with Region Proposal Networks,Shaoqing Ren,"Shaoqing Ren 외, *Faster R-CNN: Towards Real-Time Object Detection with Region Proposal Networks*, NeurIPS 2015. 학회 원문",https://proceedings.neurips.cc/paper/2015/hash/14bfa6bb14875e45bba028a21ed38046-Abstract.html,https://github.com/facebookresearch/detectron2,https://proceedings.neurips.cc/paper/2015/hash/14bfa6bb14875e45bba028a21ed38046-Abstract.html | https://github.com/facebookresearch/detectron2,2026-09-29
A2,FPN,Feature Pyramid Networks for Object Detection,Tsung-Yi Lin,"Tsung-Yi Lin 외, *Feature Pyramid Networks for Object Detection*, CVPR 2017. 학회 원문, 저자 공개본",https://openaccess.thecvf.com/content_cvpr_2017/html/Lin_Feature_Pyramid_Networks_CVPR_2017_paper.html,,https://openaccess.thecvf.com/content_cvpr_2017/html/Lin_Feature_Pyramid_Networks_CVPR_2017_paper.html | https://arxiv.org/abs/1612.03144,2026-09-29
A3,Swin Transformer,Swin Transformer: Hierarchical Vision Transformer Using Shifted Windows,Ze Liu,"Ze Liu 외, *Swin Transformer: Hierarchical Vision Transformer Using Shifted Windows*, ICCV 2021. 학회 원문, 저자 코드",https://openaccess.thecvf.com/content/ICCV2021/html/Liu_Swin_Transformer_Hierarchical_Vision_Transformer_Using_Shifted_Windows_ICCV_2021_paper.html,https://github.com/microsoft/Swin-Transformer,https://openaccess.thecvf.com/content/ICCV2021/html/Liu_Swin_Transformer_Hierarchical_Vision_Transformer_Using_Shifted_Windows_ICCV_2021_paper.html | https://github.com/microsoft/Swin-Transformer,2026-09-29
A4,ConvNeXt,A ConvNet for the 2020s,Zhuang Liu,"Zhuang Liu 외, *A ConvNet for the 2020s*, CVPR 2022. 논문, 학회 PDF, 저자 코드",https://arxiv.org/abs/2201.03545,https://github.com/facebookresearch/ConvNeXt,https://arxiv.org/abs/2201.03545 | https://openaccess.thecvf.com/content/CVPR2022/papers/Liu_A_ConvNet_for_the_2020s_CVPR_2022_paper.pdf | https://github.com/facebookresearch/ConvNeXt,2026-09-29
A5,ATSS,Bridging the Gap Between Anchor-Based and Anchor-Free Detection via Adaptive Training Sample Selection,Shifeng Zhang,"Shifeng Zhang 외, *Bridging the Gap Between Anchor-Based and Anchor-Free Detection via Adaptive Training Sample Selection*, CVPR 2020. 학회 원문, 저자 코드",https://openaccess.thecvf.com/content_CVPR_2020/html/Zhang_Bridging_the_Gap_Between_Anchor-Based_and_Anchor-Free_Detection_via_Adaptive_CVPR_2020_paper.html,https://github.com/sfzhang15/ATSS,https://openaccess.thecvf.com/content_CVPR_2020/html/Zhang_Bridging_the_Gap_Between_Anchor-Based_and_Anchor-Free_Detection_via_Adaptive_CVPR_2020_paper.html | https://github.com/sfzhang15/ATSS,2026-09-29
A6,TOOD,TOOD: Task-aligned One-stage Object Detection,Chengjian Feng,"Chengjian Feng 외, *TOOD: Task-aligned One-stage Object Detection*, ICCV 2021. 저자 공개 본문, 저자 코드",https://arxiv.org/html/2108.07755,https://github.com/fcjian/TOOD,https://arxiv.org/html/2108.07755 | https://github.com/fcjian/TOOD,2026-09-29
A7,GFL,Generalized Focal Loss: Learning Qualified and Distributed Bounding Boxes for Dense Object Detection,Xiang Li,"Xiang Li 외, *Generalized Focal Loss: Learning Qualified and Distributed Bounding Boxes for Dense Object Detection*, NeurIPS 2020. 학회 페이지, PDF",https://proceedings.nips.cc/paper_files/paper/2020/hash/f0bda020d2470f2e74990a07a607ebd9-Abstract.html,,https://proceedings.nips.cc/paper_files/paper/2020/hash/f0bda020d2470f2e74990a07a607ebd9-Abstract.html | https://proceedings.neurips.cc/paper/2020/file/f0bda020d2470f2e74990a07a607ebd9-Paper.pdf,2026-09-29
A8,Deformable DETR,Deformable DETR: Deformable Transformers for End-to-End Object Detection,Xizhou Zhu,"Xizhou Zhu 외, *Deformable DETR: Deformable Transformers for End-to-End Object Detection*, ICLR 2021. 논문·게재 정보, 본문, 저자 코드",https://arxiv.org/abs/2010.04159,https://github.com/fundamentalvision/Deformable-DETR,https://arxiv.org/abs/2010.04159 | https://arxiv.org/html/2010.04159v4 | https://github.com/fundamentalvision/Deformable-DETR,2026-09-29
A9,DINO detector,DINO: DETR with Improved DeNoising Anchor Boxes for End-to-End Object Detection,Hao Zhang,"Hao Zhang 외, *DINO: DETR with Improved DeNoising Anchor Boxes for End-to-End Object Detection*, ICLR 2023. 본문, 학회 등록 페이지, 저자 코드·게재 확인",https://arxiv.org/html/2203.03605v4,https://github.com/IDEA-Research/DINO,https://arxiv.org/html/2203.03605v4 | https://openreview.net/forum?id=3mRwyG5one | https://github.com/IDEA-Research/DINO,2026-09-29
A10,RT-DETR,DETRs Beat YOLOs on Real-time Object Detection,Yian Zhao,"Yian Zhao 외, *DETRs Beat YOLOs on Real-time Object Detection*, CVPR 2024. 학회 원문, 저자 코드",https://openaccess.thecvf.com/content/CVPR2024/html/Zhao_DETRs_Beat_YOLOs_on_Real-time_Object_Detection_CVPR_2024_paper.html,https://github.com/lyuwenyu/RT-DETR,https://openaccess.thecvf.com/content/CVPR2024/html/Zhao_DETRs_Beat_YOLOs_on_Real-time_Object_Detection_CVPR_2024_paper.html | https://github.com/lyuwenyu/RT-DETR,2026-09-29
A11,D-FINE,D-FINE: Redefine Regression Task of DETRs as Fine-grained Distribution Refinement,Yansong Peng,"Yansong Peng 외, *D-FINE: Redefine Regression Task of DETRs as Fine-grained Distribution Refinement*, ICLR 2025. 학회 원문, PDF, 저자 코드",https://proceedings.iclr.cc/paper_files/paper/2025/hash/6cf58a87e3097e7d1f9be3e8693a93de-Abstract-Conference.html,https://github.com/Peterande/D-FINE,https://proceedings.iclr.cc/paper_files/paper/2025/hash/6cf58a87e3097e7d1f9be3e8693a93de-Abstract-Conference.html | https://proceedings.iclr.cc/paper_files/paper/2025/file/6cf58a87e3097e7d1f9be3e8693a93de-Paper-Conference.pdf | https://github.com/Peterande/D-FINE,2026-09-29
A12,YOLOv10,YOLOv10: Real-Time End-to-End Object Detection,Ao Wang,"Ao Wang 외, *YOLOv10: Real-Time End-to-End Object Detection*, NeurIPS 2024. 학회 원문, 저자 코드",https://proceedings.neurips.cc/paper_files/paper/2024/hash/c34ddd05eb089991f06f3c5dc36836e0-Abstract-Conference.html,https://github.com/THU-MIG/yolov10,https://proceedings.neurips.cc/paper_files/paper/2024/hash/c34ddd05eb089991f06f3c5dc36836e0-Abstract-Conference.html | https://github.com/THU-MIG/yolov10,2026-09-29
A13,NWD,A Normalized Gaussian Wasserstein Distance for Tiny Object Detection,Jinwang Wang,"Jinwang Wang 외, *A Normalized Gaussian Wasserstein Distance for Tiny Object Detection*, arXiv 2021. 논문, PDF, 저자 코드. 관련 확장 연구는 *Detecting tiny objects in aerial images: A normalized Wasserstein distance and a new benchmark*, ISPRS Journal of Photogrammetry and Remote Sensing, 2022다. 확장 논문",https://arxiv.org/abs/2110.13389,https://github.com/jwwangchn/NWD,https://arxiv.org/abs/2110.13389 | https://arxiv.org/pdf/2110.13389 | https://github.com/jwwangchn/NWD | https://arxiv.org/abs/2206.13996,2026-09-29
A14,RFLA,RFLA: Gaussian Receptive Field based Label Assignment for Tiny Object Detection,Chang Xu,"Chang Xu 외, *RFLA: Gaussian Receptive Field based Label Assignment for Tiny Object Detection*, ECCV 2022. 학회 PDF, 저자 공개본, 저자 코드",https://www.ecva.net/papers/eccv_2022/papers_ECCV/papers/136690518.pdf,https://github.com/Chasel-Tsui/mmdet-rfla,https://www.ecva.net/papers/eccv_2022/papers_ECCV/papers/136690518.pdf | https://arxiv.org/abs/2208.08738 | https://github.com/Chasel-Tsui/mmdet-rfla,2026-09-29
