held_group,method,threshold,calibration_feasible,calibration_recall,calibration_worst_recall,GT,TP,FN,FP,recall,FP_per_image,images
M1_20200622,fp_budget,0.18563386797904968,True,0.9841269841269841,0.5,18,18,0,2,1.0,0.3333333333333333,6
M1_20200622,recall95,0.5917363166809082,True,0.9523809523809523,0.0,18,18,0,0,1.0,0.0,6
M1_20200622,recall98,0.5692882537841797,True,0.9841269841269841,0.5,18,18,0,0,1.0,0.0,6
M1_20200622,group95,0.006343076471239328,False,0.9841269841269841,0.5,18,18,0,1129,1.0,188.16666666666666,6
M1_20200629,fp_budget,0.19337229430675507,True,0.9848484848484849,0.5,12,12,0,0,1.0,0.0,4
M1_20200629,recall95,0.5917363166809082,True,0.9545454545454546,0.0,12,12,0,0,1.0,0.0,4
M1_20200629,recall98,0.5692882537841797,True,0.9848484848484849,0.5,12,12,0,0,1.0,0.0,4
M1_20200629,group95,0.006203017197549343,False,0.9848484848484849,0.5,12,12,0,724,1.0,181.0,4
M1_20200715,fp_budget,0.19337229430675507,True,0.9844961240310077,0.5,15,15,0,0,1.0,0.0,5
M1_20200715,recall95,0.5917363166809082,True,0.9534883720930233,0.0,15,15,0,0,1.0,0.0,5
M1_20200715,recall98,0.5692882537841797,True,0.9844961240310077,0.5,15,15,0,0,1.0,0.0,5
M1_20200715,group95,0.006203017197549343,False,0.9844961240310077,0.5,15,15,0,975,1.0,195.0,5
M1_20200907,fp_budget,0.19337229430675507,True,0.9849624060150376,0.5,11,11,0,1,1.0,0.09090909090909091,11
M1_20200907,recall95,0.5917363166809082,True,0.9548872180451128,0.0,11,11,0,0,1.0,0.0,11
M1_20200907,recall98,0.5692882537841797,True,0.9849624060150376,0.5,11,11,0,0,1.0,0.0,11
M1_20200907,group95,0.006203017197549343,False,0.9849624060150376,0.5,11,11,0,2187,1.0,198.8181818181818,11
M2_20200622,fp_budget,0.18691939115524292,True,0.9841269841269841,0.5,18,18,0,1,1.0,0.16666666666666666,6
M2_20200622,recall95,0.5917363166809082,True,0.9523809523809523,0.0,18,18,0,0,1.0,0.0,6
M2_20200622,recall98,0.5692882537841797,True,0.9841269841269841,0.5,18,18,0,0,1.0,0.0,6
M2_20200622,group95,0.006203017197549343,False,0.9841269841269841,0.5,18,18,0,1201,1.0,200.16666666666666,6
M2_20200625,fp_budget,0.19337229430675507,True,0.9841269841269841,0.5,18,18,0,0,1.0,0.0,6
M2_20200625,recall95,0.5917363166809082,True,0.9523809523809523,0.0,18,18,0,0,1.0,0.0,6
M2_20200625,recall98,0.5692882537841797,True,0.9841269841269841,0.5,18,18,0,0,1.0,0.0,6
M2_20200625,group95,0.006203017197549343,False,0.9841269841269841,0.5,18,18,0,1242,1.0,207.0,6
M2_20200906,fp_budget,0.19337229430675507,True,0.9855072463768116,0.5,6,6,0,0,1.0,0.0,6
M2_20200906,recall95,0.5917363166809082,True,0.9565217391304348,0.0,6,6,0,0,1.0,0.0,6
M2_20200906,recall98,0.5692882537841797,True,0.9855072463768116,0.5,6,6,0,0,1.0,0.0,6
M2_20200906,group95,0.006203017197549343,False,0.9855072463768116,0.5,6,6,0,1321,1.0,220.16666666666666,6
M3_20200629,fp_budget,0.18691939115524292,True,0.9907407407407407,0.5,36,35,1,2,0.9722222222222222,0.16666666666666666,12
M3_20200629,recall95,0.5953658819198608,True,0.9537037037037037,0.0,36,33,3,1,0.9166666666666666,0.08333333333333333,12
M3_20200629,recall98,0.5753422975540161,True,0.9814814814814815,0.0,36,34,2,1,0.9444444444444444,0.08333333333333333,12
M3_20200629,group95,0.006203017197549343,False,0.9907407407407407,0.5,36,35,1,2305,0.9722222222222222,192.08333333333334,12
M3_20200727,fp_budget,0.18691939115524292,True,0.9929577464788732,0.9722222222222222,2,1,1,1,0.5,0.5,2
M3_20200727,recall95,0.5987217426300049,True,0.9507042253521126,0.5,2,0,2,1,0.0,0.5,2
M3_20200727,recall98,0.5753422975540161,True,0.9859154929577465,0.9444444444444444,2,0,2,1,0.0,0.5,2
M3_20200727,group95,0.5720618963241577,True,0.9929577464788732,0.9722222222222222,2,0,2,1,0.0,0.5,2
M3_20200826,fp_budget,0.19337229430675507,True,0.9855072463768116,0.5,6,6,0,0,1.0,0.0,6
M3_20200826,recall95,0.5987217426300049,True,0.9565217391304348,0.0,6,3,3,0,0.5,0.0,6
M3_20200826,recall98,0.5692882537841797,True,0.9855072463768116,0.5,6,6,0,0,1.0,0.0,6
M3_20200826,group95,0.006203017197549343,False,0.9855072463768116,0.5,6,6,0,1190,1.0,198.33333333333334,6
M3_20200922,fp_budget,0.19337229430675507,True,0.9859154929577465,0.5,2,2,0,0,1.0,0.0,2
M3_20200922,recall95,0.5953658819198608,True,0.9507042253521126,0.0,2,1,1,0,0.5,0.0,2
M3_20200922,recall98,0.5692882537841797,True,0.9859154929577465,0.5,2,2,0,0,1.0,0.0,2
M3_20200922,group95,0.006203017197549343,False,0.9859154929577465,0.5,2,2,0,397,1.0,198.5,2
