margin,gt_id,image_id,coverage,center_covered
0,1,1,0.6725965604250729,True
0,2,1,0.9999999999999996,True
0,3,1,0.6757547567828165,True
0,4,2,0.7875085379401294,True
0,5,2,0.8840325436737184,True
0,6,2,0.7167295409617297,True
0,7,3,1.0000000000000002,True
0,8,3,0.9347248622349418,True
0,9,3,0.9069789187534494,True
0,10,4,0.8254975322935597,True
0,11,4,1.0,True
0,12,4,0.9467386073097764,True
0,13,5,0.9999999999999996,True
0,14,5,0.9566027912872528,True
0,15,5,0.9276426789959501,True
0,16,6,0.7249692967016023,True
0,17,6,0.8620322061698449,True
0,18,6,0.7670273451247468,True
0,19,7,0.6582829082810275,True
0,20,7,0.6323567324824876,True
0,21,7,0.816597562726795,True
0,22,8,0.8651541767889728,True
0,23,8,0.8431243896484376,True
0,24,8,0.9183149549696166,True
0,25,9,0.9597917344835056,True
0,26,9,0.7716683828729621,True
0,27,9,0.695080310459069,True
0,28,10,0.7919166511703783,True
0,29,10,0.797386169433594,True
0,30,10,0.8990036010742186,True
0,31,11,0.9999999999999998,True
0,32,11,0.8528937639016851,True
0,33,11,0.8409193457900285,True
0,34,12,0.9765991615143802,True
0,35,12,0.9741085684125351,True
0,36,12,0.7290191091991814,True
0,37,13,0.7506838189986941,True
0,38,13,0.5962693314653927,True
0,39,13,0.9999999999999998,True
0,40,14,0.9999999999999998,True
0,41,14,1.0000000000000002,True
0,42,14,0.8862808227539064,True
0,43,15,0.9654618263946367,True
0,44,15,0.794942131007914,True
0,45,15,0.9274913787841785,True
0,46,16,0.9817361407809743,True
0,47,17,0.9042897118097889,True
0,48,18,0.781226374415828,True
0,49,19,0.7488331777720214,True
0,50,20,0.953966222803777,True
0,51,21,0.7174471528391823,True
0,52,22,0.7038460207558902,True
0,53,23,0.8434078688540189,True
0,54,24,0.7459272113899669,True
0,55,25,0.7799042029725833,True
0,56,26,0.73266366170071,True
0,57,27,0.551792107718344,True
0,58,27,0.6285051106641815,True
0,59,27,0.6388221663048737,True
0,60,28,0.7080500344938067,True
0,61,28,0.6047564819603042,True
0,62,28,0.617779019853926,True
0,63,29,0.9847941827838104,True
0,64,29,1.0000000000000002,True
0,65,29,0.9713761608250749,True
0,66,30,0.8329906107721285,True
0,67,30,0.9934791001193046,True
0,68,30,0.8943709283170023,True
0,69,31,0.9904851699157203,True
0,70,31,0.9103692661632192,True
0,71,31,1.0,True
0,72,32,0.8784982000349147,True
0,73,32,0.9543779546564274,True
0,74,32,0.9603730834894153,True
0,75,33,0.8153976601514923,True
0,76,33,0.9950263262969512,True
0,77,33,0.9662196513413851,True
0,78,34,0.9065643310546849,True
0,79,34,0.9699325787022784,True
0,80,34,1.0000000000000002,True
0,81,35,0.9404013338044876,True
0,82,35,0.8635175617300253,True
0,83,35,0.8805591829820686,True
0,84,36,0.9013649826175083,True
0,85,36,0.9106871857040231,True
0,86,36,0.9502606691415976,True
0,87,37,0.9229109838491234,True
0,88,37,0.9669063537934774,True
0,89,37,0.8118053324019492,True
0,90,38,1.0000000000000002,True
0,91,38,0.9072455500004666,True
0,92,38,0.8447201482963869,True
0,93,39,0.6727106695344165,True
0,94,40,0.630422002883688,True
0,95,41,1.0000000000000027,True
0,96,42,0.6949574050138211,True
0,97,43,0.881215111414588,True
0,98,44,0.809681027397151,True
0,99,45,0.934604740615088,True
0,100,45,0.9135811237359522,True
0,101,45,0.7221971571811932,True
0,102,46,0.7391205600455679,True
0,103,46,0.8194032669067397,True
0,104,46,0.9246281215122768,True
0,105,47,0.9122416675490144,True
0,106,47,0.8780427004108942,True
0,107,47,1.0000000000000002,True
0,108,48,0.9492429097493492,True
0,109,48,0.8119432565412209,True
0,110,48,0.3499285808896623,True
0,111,49,0.812242159663252,True
0,112,49,0.6613422760788591,True
0,113,49,0.84080393730881,True
0,114,50,0.5263299572660565,True
0,115,50,0.880645541487068,True
0,116,50,0.9863736666165874,True
0,117,51,1.0000000000000002,True
0,118,51,0.9147011913234114,True
0,119,51,0.9528088957406556,True
0,120,52,0.9134932084517015,True
0,121,52,1.0,True
0,122,52,0.922770636238063,True
0,123,53,1.0000000000000004,True
0,124,53,1.0,True
0,125,53,1.0,True
0,126,54,0.6745129382498496,True
0,127,54,0.9445419053599385,True
0,128,54,0.9067295134399325,True
0,129,55,0.645546507016801,True
0,130,55,0.871066409361288,True
0,131,55,1.0,True
0,132,56,0.869429452078683,True
0,133,56,0.7651319987391841,True
0,134,56,0.9539144953172538,True
0,135,57,0.953097811612219,True
0,136,58,0.9505661010742301,True
0,137,59,0.9132783529966362,True
0,138,60,0.7769908426337278,True
0,139,61,0.8528454120342548,True
0,140,62,0.7407888975070026,True
0,141,63,0.8927196437266631,True
0,142,64,0.8815640963040849,True
0,143,65,1.0,True
0,144,66,1.0000000000000002,True
1,1,1,0.8599754168015238,True
1,2,1,0.9999999999999996,True
1,3,1,0.8401709394799883,True
1,4,2,0.9328378474116682,True
1,5,2,0.9999999999999998,True
1,6,2,0.8833962076283964,True
1,7,3,1.0000000000000002,True
1,8,3,0.9999999999999998,True
1,9,3,1.0,True
1,10,4,0.9349931766296424,True
1,11,4,1.0,True
1,12,4,1.0,True
1,13,5,0.9999999999999996,True
1,14,5,1.0,True
1,15,5,0.9999999999999996,True
1,16,6,0.8789997311354228,True
1,17,6,1.0,True
1,18,6,0.9521878787013588,True
1,19,7,0.8780028607096494,True
1,20,7,0.8717504673972557,True
1,21,7,0.956873474121093,True
1,22,8,0.9762026644987479,True
1,23,8,0.9566986083984367,True
1,24,8,0.9999999999999998,True
1,25,9,1.0,True
1,26,9,0.9567812079625441,True
1,27,9,0.9339109049871115,True
1,28,10,0.9881181081136082,True
1,29,10,0.9792043512517757,True
1,30,10,0.9999999999999998,True
1,31,11,0.9999999999999998,True
1,32,11,1.0,True
1,33,11,0.9801822238498296,True
1,34,12,0.9999999999999998,True
1,35,12,0.9999999999999998,True
1,36,12,0.9767181745571658,True
1,37,13,0.9711376967369856,True
1,38,13,0.9082612312114956,True
1,39,13,0.9999999999999998,True
1,40,14,0.9999999999999998,True
1,41,14,1.0000000000000002,True
1,42,14,1.0000000000000002,True
1,43,15,1.0,True
1,44,15,1.0,True
1,45,15,0.9999999999999996,True
1,46,16,0.999999999999996,True
1,47,17,1.0000000000000002,True
1,48,18,0.9745840706392465,True
1,49,19,0.9444829622904426,True
1,50,20,1.0,True
1,51,21,0.9227279888585258,True
1,52,22,0.9553644058616331,True
1,53,23,0.9684468086129983,True
1,54,24,0.895663192055441,True
1,55,25,0.9571217704484809,True
1,56,26,0.9803771369880947,True
1,57,27,0.7097305149480723,True
1,58,27,0.8847832463497477,True
1,59,27,0.8317397012993626,True
1,60,28,0.9037163682980571,True
1,61,28,0.8307307298890089,True
1,62,28,0.8173847963746707,True
1,63,29,1.0,True
1,64,29,1.0000000000000002,True
1,65,29,1.0000000000000002,True
1,66,30,0.9238997016812195,True
1,67,30,0.9999999999999999,True
1,68,30,0.9777042616503356,True
1,69,31,1.0,True
1,70,31,1.0000000000000002,True
1,71,31,1.0,True
1,72,32,1.0000000000000002,True
1,73,32,0.9999999999999999,True
1,74,32,1.0000000000000002,True
1,75,33,0.971194405989213,True
1,76,33,0.9999999999999998,True
1,77,33,1.0,True
1,78,34,1.0000000000000002,True
1,79,34,0.9999999999999999,True
1,80,34,1.0000000000000002,True
1,81,35,1.0,True
1,82,35,1.0,True
1,83,35,1.0000000000000002,True
1,84,36,0.9922740735265992,True
1,85,36,0.9999999999999999,True
1,86,36,0.9999999999999999,True
1,87,37,0.9999999999999999,True
1,88,37,1.0,True
1,89,37,0.9929373013664106,True
1,90,38,1.0000000000000002,True
1,91,38,0.9981546409095575,True
1,92,38,0.9280534816297202,True
1,93,39,0.9013883590698245,True
1,94,40,0.8553493498864099,True
1,95,41,1.0000000000000027,True
1,96,42,0.9253353626270003,True
1,97,43,0.9800042470296185,True
1,98,44,0.9999999999999999,True
1,99,45,1.0,True
1,100,45,1.0,True
1,101,45,0.8904486008692556,True
1,102,46,0.9096528799539727,True
1,103,46,0.9444032669067397,True
1,104,46,0.9960566929408482,True
1,105,47,0.9904976981026762,True
1,106,47,0.976670401436942,True
1,107,47,1.0000000000000002,True
1,108,48,1.0000000000000002,True
1,109,48,0.8977602945138182,True
1,110,48,0.4811432951479845,True
1,111,49,0.8802564620971651,True
1,112,49,0.8234249046716842,True
1,113,49,1.0000000000000002,True
1,114,50,0.7380923510063432,True
1,115,50,0.9473122081537346,True
1,116,50,1.0,True
1,117,51,1.0000000000000002,True
1,118,51,1.0,True
1,119,51,1.0,True
1,120,52,1.0,True
1,121,52,1.0,True
1,122,52,1.0,True
1,123,53,1.0000000000000004,True
1,124,53,1.0,True
1,125,53,1.0,True
1,126,54,0.8543946293679164,True
1,127,54,1.0,True
1,128,54,1.0000000000000002,True
1,129,55,0.7916525078074562,True
1,130,55,1.0,True
1,131,55,1.0,True
1,132,56,0.9408580235072544,True
1,133,56,0.8276319987391841,True
1,134,56,1.0000000000000002,True
1,135,57,1.0,True
1,136,58,1.0,True
1,137,59,1.0000000000000002,True
1,138,60,0.9383209171177775,True
1,139,61,0.9678534874549226,True
1,140,62,0.8886159261067758,True
1,141,63,0.9836287346357541,True
1,142,64,0.9613558255709119,True
1,143,65,1.0,True
1,144,66,1.0000000000000002,True
2,1,1,0.9667529634938471,True
2,2,1,0.9999999999999996,True
2,3,1,0.9265580102004269,True
2,4,2,0.9999999999999998,True
2,5,2,0.9999999999999998,True
2,6,2,0.9996950600057775,True
2,7,3,1.0000000000000002,True
2,8,3,0.9999999999999998,True
2,9,3,1.0,True
2,10,4,0.9999999999999999,True
2,11,4,1.0,True
2,12,4,1.0,True
2,13,5,0.9999999999999996,True
2,14,5,1.0,True
2,15,5,0.9999999999999996,True
2,16,6,0.9623330644687562,True
2,17,6,1.0,True
2,18,6,1.0,True
2,19,7,1.0,True
2,20,7,1.0000000000000002,True
2,21,7,0.9999999999999998,True
2,22,8,0.9999999999999999,True
2,23,8,1.0000000000000002,True
2,24,8,0.9999999999999998,True
2,25,9,1.0,True
2,26,9,1.0,True
2,27,9,0.9999999999999999,True
2,28,10,1.0,True
2,29,10,1.0000000000000002,True
2,30,10,0.9999999999999998,True
2,31,11,0.9999999999999998,True
2,32,11,1.0,True
2,33,11,1.0,True
2,34,12,0.9999999999999998,True
2,35,12,0.9999999999999998,True
2,36,12,0.9999999999999999,True
2,37,13,1.0,True
2,38,13,0.9999999999999999,True
2,39,13,0.9999999999999998,True
2,40,14,0.9999999999999998,True
2,41,14,1.0000000000000002,True
2,42,14,1.0000000000000002,True
2,43,15,1.0,True
2,44,15,1.0,True
2,45,15,0.9999999999999996,True
2,46,16,0.999999999999996,True
2,47,17,1.0000000000000002,True
2,48,18,1.0,True
2,49,19,0.9999999999999964,True
2,50,20,1.0,True
2,51,21,1.0,True
2,52,22,1.0000000000000002,True
2,53,23,1.0000000000000029,True
2,54,24,0.9865722829645318,True
2,55,25,1.0,True
2,56,26,0.9999999999999998,True
2,57,27,0.8468457644125655,True
2,58,27,0.9861401557922362,True
2,59,27,0.9641442812406092,True
2,60,28,1.0000000000000002,True
2,61,28,0.9757747842536793,True
2,62,28,0.9705203737531384,True
2,63,29,1.0,True
2,64,29,1.0000000000000002,True
2,65,29,1.0000000000000002,True
2,66,30,1.0,True
2,67,30,0.9999999999999999,True
2,68,30,1.0,True
2,69,31,1.0,True
2,70,31,1.0000000000000002,True
2,71,31,1.0,True
2,72,32,1.0000000000000002,True
2,73,32,0.9999999999999999,True
2,74,32,1.0000000000000002,True
2,75,33,1.0000000000000002,True
2,76,33,0.9999999999999998,True
2,77,33,1.0,True
2,78,34,1.0000000000000002,True
2,79,34,0.9999999999999999,True
2,80,34,1.0000000000000002,True
2,81,35,1.0,True
2,82,35,1.0,True
2,83,35,1.0000000000000002,True
2,84,36,1.0,True
2,85,36,0.9999999999999999,True
2,86,36,0.9999999999999999,True
2,87,37,0.9999999999999999,True
2,88,37,1.0,True
2,89,37,0.9999999999999999,True
2,90,38,1.0000000000000002,True
2,91,38,1.0,True
2,92,38,1.0000000000000002,True
2,93,39,0.9999999999999998,True
2,94,40,0.961707464853923,True
2,95,41,1.0000000000000027,True
2,96,42,1.0,True
2,97,43,0.9999999999999971,True
2,98,44,0.9999999999999999,True
2,99,45,1.0,True
2,100,45,1.0,True
2,101,45,0.9648560949837875,True
2,102,46,0.9935728783701013,True
2,103,46,1.0,True
2,104,46,1.0,True
2,105,47,1.0,True
2,106,47,1.0,True
2,107,47,1.0000000000000002,True
2,108,48,1.0000000000000002,True
2,109,48,0.9691888659423896,True
2,110,48,0.5962982154977242,True
2,111,49,0.9427564620971651,True
2,112,49,0.9542929628074273,True
2,113,49,1.0000000000000002,True
2,114,50,0.9214534759521487,True
2,115,50,1.0000000000000002,True
2,116,50,1.0,True
2,117,51,1.0000000000000002,True
2,118,51,1.0,True
2,119,51,1.0,True
2,120,52,1.0,True
2,121,52,1.0,True
2,122,52,1.0,True
2,123,53,1.0000000000000004,True
2,124,53,1.0,True
2,125,53,1.0,True
2,126,54,0.9609084721914087,True
2,127,54,1.0,True
2,128,54,1.0000000000000002,True
2,129,55,0.8904168265206475,True
2,130,55,1.0,True
2,131,55,1.0,True
2,132,56,1.0,True
2,133,56,0.8901319987391841,True
2,134,56,1.0000000000000002,True
2,135,57,1.0,True
2,136,58,1.0,True
2,137,59,1.0000000000000002,True
2,138,60,1.0000000000000002,True
2,139,61,1.0,True
2,140,62,0.9719492594401091,True
2,141,63,1.0,True
2,142,64,1.0000000000000002,True
2,143,65,1.0,True
2,144,66,1.0000000000000002,True
4,1,1,0.9999999999999997,True
4,2,1,0.9999999999999996,True
4,3,1,1.0,True
4,4,2,0.9999999999999998,True
4,5,2,0.9999999999999998,True
4,6,2,1.0000000000000002,True
4,7,3,1.0000000000000002,True
4,8,3,0.9999999999999998,True
4,9,3,1.0,True
4,10,4,0.9999999999999999,True
4,11,4,1.0,True
4,12,4,1.0,True
4,13,5,0.9999999999999996,True
4,14,5,1.0,True
4,15,5,0.9999999999999996,True
4,16,6,1.0000000000000002,True
4,17,6,1.0,True
4,18,6,1.0,True
4,19,7,1.0,True
4,20,7,1.0000000000000002,True
4,21,7,0.9999999999999998,True
4,22,8,0.9999999999999999,True
4,23,8,1.0000000000000002,True
4,24,8,0.9999999999999998,True
4,25,9,1.0,True
4,26,9,1.0,True
4,27,9,0.9999999999999999,True
4,28,10,1.0,True
4,29,10,1.0000000000000002,True
4,30,10,0.9999999999999998,True
4,31,11,0.9999999999999998,True
4,32,11,1.0,True
4,33,11,1.0,True
4,34,12,0.9999999999999998,True
4,35,12,0.9999999999999998,True
4,36,12,0.9999999999999999,True
4,37,13,1.0,True
4,38,13,0.9999999999999999,True
4,39,13,0.9999999999999998,True
4,40,14,0.9999999999999998,True
4,41,14,1.0000000000000002,True
4,42,14,1.0000000000000002,True
4,43,15,1.0,True
4,44,15,1.0,True
4,45,15,0.9999999999999996,True
4,46,16,0.999999999999996,True
4,47,17,1.0000000000000002,True
4,48,18,1.0,True
4,49,19,0.9999999999999964,True
4,50,20,1.0,True
4,51,21,1.0,True
4,52,22,1.0000000000000002,True
4,53,23,1.0000000000000029,True
4,54,24,0.9999999999999999,True
4,55,25,1.0,True
4,56,26,0.9999999999999998,True
4,57,27,1.0000000000000002,True
4,58,27,1.0000000000000002,True
4,59,27,1.0000000000000002,True
4,60,28,1.0000000000000002,True
4,61,28,1.0000000000000002,True
4,62,28,1.0000000000000002,True
4,63,29,1.0,True
4,64,29,1.0000000000000002,True
4,65,29,1.0000000000000002,True
4,66,30,1.0,True
4,67,30,0.9999999999999999,True
4,68,30,1.0,True
4,69,31,1.0,True
4,70,31,1.0000000000000002,True
4,71,31,1.0,True
4,72,32,1.0000000000000002,True
4,73,32,0.9999999999999999,True
4,74,32,1.0000000000000002,True
4,75,33,1.0000000000000002,True
4,76,33,0.9999999999999998,True
4,77,33,1.0,True
4,78,34,1.0000000000000002,True
4,79,34,0.9999999999999999,True
4,80,34,1.0000000000000002,True
4,81,35,1.0,True
4,82,35,1.0,True
4,83,35,1.0000000000000002,True
4,84,36,1.0,True
4,85,36,0.9999999999999999,True
4,86,36,0.9999999999999999,True
4,87,37,0.9999999999999999,True
4,88,37,1.0,True
4,89,37,0.9999999999999999,True
4,90,38,1.0000000000000002,True
4,91,38,1.0,True
4,92,38,1.0000000000000002,True
4,93,39,0.9999999999999998,True
4,94,40,1.0,True
4,95,41,1.0000000000000027,True
4,96,42,1.0,True
4,97,43,0.9999999999999971,True
4,98,44,0.9999999999999999,True
4,99,45,1.0,True
4,100,45,1.0,True
4,101,45,1.0000000000000002,True
4,102,46,1.0,True
4,103,46,1.0,True
4,104,46,1.0,True
4,105,47,1.0,True
4,106,47,1.0,True
4,107,47,1.0000000000000002,True
4,108,48,1.0000000000000002,True
4,109,48,1.0000000000000002,True
4,110,48,0.8066870117187465,True
4,111,49,1.0,True
4,112,49,1.0000000000000002,True
4,113,49,1.0000000000000002,True
4,114,50,1.0000000000000002,True
4,115,50,1.0000000000000002,True
4,116,50,1.0,True
4,117,51,1.0000000000000002,True
4,118,51,1.0,True
4,119,51,1.0,True
4,120,52,1.0,True
4,121,52,1.0,True
4,122,52,1.0,True
4,123,53,1.0000000000000004,True
4,124,53,1.0,True
4,125,53,1.0,True
4,126,54,1.0,True
4,127,54,1.0,True
4,128,54,1.0000000000000002,True
4,129,55,1.0000000000000002,True
4,130,55,1.0,True
4,131,55,1.0,True
4,132,56,1.0,True
4,133,56,1.0000000000000002,True
4,134,56,1.0000000000000002,True
4,135,57,1.0,True
4,136,58,1.0,True
4,137,59,1.0000000000000002,True
4,138,60,1.0000000000000002,True
4,139,61,1.0,True
4,140,62,1.0000000000000002,True
4,141,63,1.0,True
4,142,64,1.0000000000000002,True
4,143,65,1.0,True
4,144,66,1.0000000000000002,True
8,1,1,0.9999999999999997,True
8,2,1,0.9999999999999996,True
8,3,1,1.0,True
8,4,2,0.9999999999999998,True
8,5,2,0.9999999999999998,True
8,6,2,1.0000000000000002,True
8,7,3,1.0000000000000002,True
8,8,3,0.9999999999999998,True
8,9,3,1.0,True
8,10,4,0.9999999999999999,True
8,11,4,1.0,True
8,12,4,1.0,True
8,13,5,0.9999999999999996,True
8,14,5,1.0,True
8,15,5,0.9999999999999996,True
8,16,6,1.0000000000000002,True
8,17,6,1.0,True
8,18,6,1.0,True
8,19,7,1.0,True
8,20,7,1.0000000000000002,True
8,21,7,0.9999999999999998,True
8,22,8,0.9999999999999999,True
8,23,8,1.0000000000000002,True
8,24,8,0.9999999999999998,True
8,25,9,1.0,True
8,26,9,1.0,True
8,27,9,0.9999999999999999,True
8,28,10,1.0,True
8,29,10,1.0000000000000002,True
8,30,10,0.9999999999999998,True
8,31,11,0.9999999999999998,True
8,32,11,1.0,True
8,33,11,1.0,True
8,34,12,0.9999999999999998,True
8,35,12,0.9999999999999998,True
8,36,12,0.9999999999999999,True
8,37,13,1.0,True
8,38,13,0.9999999999999999,True
8,39,13,0.9999999999999998,True
8,40,14,0.9999999999999998,True
8,41,14,1.0000000000000002,True
8,42,14,1.0000000000000002,True
8,43,15,1.0,True
8,44,15,1.0,True
8,45,15,0.9999999999999996,True
8,46,16,0.999999999999996,True
8,47,17,1.0000000000000002,True
8,48,18,1.0,True
8,49,19,0.9999999999999964,True
8,50,20,1.0,True
8,51,21,1.0,True
8,52,22,1.0000000000000002,True
8,53,23,1.0000000000000029,True
8,54,24,0.9999999999999999,True
8,55,25,1.0,True
8,56,26,0.9999999999999998,True
8,57,27,1.0000000000000002,True
8,58,27,1.0000000000000002,True
8,59,27,1.0000000000000002,True
8,60,28,1.0000000000000002,True
8,61,28,1.0000000000000002,True
8,62,28,1.0000000000000002,True
8,63,29,1.0,True
8,64,29,1.0000000000000002,True
8,65,29,1.0000000000000002,True
8,66,30,1.0,True
8,67,30,0.9999999999999999,True
8,68,30,1.0,True
8,69,31,1.0,True
8,70,31,1.0000000000000002,True
8,71,31,1.0,True
8,72,32,1.0000000000000002,True
8,73,32,0.9999999999999999,True
8,74,32,1.0000000000000002,True
8,75,33,1.0000000000000002,True
8,76,33,0.9999999999999998,True
8,77,33,1.0,True
8,78,34,1.0000000000000002,True
8,79,34,0.9999999999999999,True
8,80,34,1.0000000000000002,True
8,81,35,1.0,True
8,82,35,1.0,True
8,83,35,1.0000000000000002,True
8,84,36,1.0,True
8,85,36,0.9999999999999999,True
8,86,36,0.9999999999999999,True
8,87,37,0.9999999999999999,True
8,88,37,1.0,True
8,89,37,0.9999999999999999,True
8,90,38,1.0000000000000002,True
8,91,38,1.0,True
8,92,38,1.0000000000000002,True
8,93,39,0.9999999999999998,True
8,94,40,1.0,True
8,95,41,1.0000000000000027,True
8,96,42,1.0,True
8,97,43,0.9999999999999971,True
8,98,44,0.9999999999999999,True
8,99,45,1.0,True
8,100,45,1.0,True
8,101,45,1.0000000000000002,True
8,102,46,1.0,True
8,103,46,1.0,True
8,104,46,1.0,True
8,105,47,1.0,True
8,106,47,1.0,True
8,107,47,1.0000000000000002,True
8,108,48,1.0000000000000002,True
8,109,48,1.0000000000000002,True
8,110,48,0.9999999999999984,True
8,111,49,1.0,True
8,112,49,1.0000000000000002,True
8,113,49,1.0000000000000002,True
8,114,50,1.0000000000000002,True
8,115,50,1.0000000000000002,True
8,116,50,1.0,True
8,117,51,1.0000000000000002,True
8,118,51,1.0,True
8,119,51,1.0,True
8,120,52,1.0,True
8,121,52,1.0,True
8,122,52,1.0,True
8,123,53,1.0000000000000004,True
8,124,53,1.0,True
8,125,53,1.0,True
8,126,54,1.0,True
8,127,54,1.0,True
8,128,54,1.0000000000000002,True
8,129,55,1.0000000000000002,True
8,130,55,1.0,True
8,131,55,1.0,True
8,132,56,1.0,True
8,133,56,1.0000000000000002,True
8,134,56,1.0000000000000002,True
8,135,57,1.0,True
8,136,58,1.0,True
8,137,59,1.0000000000000002,True
8,138,60,1.0000000000000002,True
8,139,61,1.0,True
8,140,62,1.0000000000000002,True
8,141,63,1.0,True
8,142,64,1.0000000000000002,True
8,143,65,1.0,True
8,144,66,1.0000000000000002,True
