run,variant,seed,setting,axis,value,GT,TP,FN,recall
yolov8s_seed20260929,yolov8s,20260929,native,machine,M1,56,56,0,1.0
yolov8s_seed20260929,yolov8s,20260929,native,machine,M2,42,42,0,1.0
yolov8s_seed20260929,yolov8s,20260929,native,machine,M3,46,41,5,0.8913043478260869
yolov8s_seed20260929,yolov8s,20260929,native,size_bin,12to16,22,22,0,1.0
yolov8s_seed20260929,yolov8s,20260929,native,size_bin,8to12,104,100,4,0.9615384615384616
yolov8s_seed20260929,yolov8s,20260929,native,size_bin,ge16,1,0,1,0.0
yolov8s_seed20260929,yolov8s,20260929,native,size_bin,lt8,17,17,0,1.0
yolov8s_seed20260929,yolov8s,20260929,native,contrast_bin,high,41,39,2,0.9512195121951219
yolov8s_seed20260929,yolov8s,20260929,native,contrast_bin,low,57,55,2,0.9649122807017544
yolov8s_seed20260929,yolov8s,20260929,native,contrast_bin,mid,46,45,1,0.9782608695652174
yolov8s_seed20260929,yolov8s,20260929,native,group,M1_20200622,18,18,0,1.0
yolov8s_seed20260929,yolov8s,20260929,native,group,M1_20200629,12,12,0,1.0
yolov8s_seed20260929,yolov8s,20260929,native,group,M1_20200715,15,15,0,1.0
yolov8s_seed20260929,yolov8s,20260929,native,group,M1_20200907,11,11,0,1.0
yolov8s_seed20260929,yolov8s,20260929,native,group,M2_20200622,18,18,0,1.0
yolov8s_seed20260929,yolov8s,20260929,native,group,M2_20200625,18,18,0,1.0
yolov8s_seed20260929,yolov8s,20260929,native,group,M2_20200906,6,6,0,1.0
yolov8s_seed20260929,yolov8s,20260929,native,group,M3_20200629,36,35,1,0.9722222222222222
yolov8s_seed20260929,yolov8s,20260929,native,group,M3_20200727,2,1,1,0.5
yolov8s_seed20260929,yolov8s,20260929,native,group,M3_20200826,6,5,1,0.8333333333333334
yolov8s_seed20260929,yolov8s,20260929,native,group,M3_20200922,2,0,2,0.0
yolov8s_seed20260929,yolov8s,20260929,nms07,machine,M1,56,56,0,1.0
yolov8s_seed20260929,yolov8s,20260929,nms07,machine,M2,42,42,0,1.0
yolov8s_seed20260929,yolov8s,20260929,nms07,machine,M3,46,41,5,0.8913043478260869
yolov8s_seed20260929,yolov8s,20260929,nms07,size_bin,12to16,22,22,0,1.0
yolov8s_seed20260929,yolov8s,20260929,nms07,size_bin,8to12,104,100,4,0.9615384615384616
yolov8s_seed20260929,yolov8s,20260929,nms07,size_bin,ge16,1,0,1,0.0
yolov8s_seed20260929,yolov8s,20260929,nms07,size_bin,lt8,17,17,0,1.0
yolov8s_seed20260929,yolov8s,20260929,nms07,contrast_bin,high,41,39,2,0.9512195121951219
yolov8s_seed20260929,yolov8s,20260929,nms07,contrast_bin,low,57,55,2,0.9649122807017544
yolov8s_seed20260929,yolov8s,20260929,nms07,contrast_bin,mid,46,45,1,0.9782608695652174
yolov8s_seed20260929,yolov8s,20260929,nms07,group,M1_20200622,18,18,0,1.0
yolov8s_seed20260929,yolov8s,20260929,nms07,group,M1_20200629,12,12,0,1.0
yolov8s_seed20260929,yolov8s,20260929,nms07,group,M1_20200715,15,15,0,1.0
yolov8s_seed20260929,yolov8s,20260929,nms07,group,M1_20200907,11,11,0,1.0
yolov8s_seed20260929,yolov8s,20260929,nms07,group,M2_20200622,18,18,0,1.0
yolov8s_seed20260929,yolov8s,20260929,nms07,group,M2_20200625,18,18,0,1.0
yolov8s_seed20260929,yolov8s,20260929,nms07,group,M2_20200906,6,6,0,1.0
yolov8s_seed20260929,yolov8s,20260929,nms07,group,M3_20200629,36,35,1,0.9722222222222222
yolov8s_seed20260929,yolov8s,20260929,nms07,group,M3_20200727,2,1,1,0.5
yolov8s_seed20260929,yolov8s,20260929,nms07,group,M3_20200826,6,5,1,0.8333333333333334
yolov8s_seed20260929,yolov8s,20260929,nms07,group,M3_20200922,2,0,2,0.0
yolov8s_seed20260929,yolov8s,20260929,nms07_scale095,machine,M1,56,52,4,0.9285714285714286
yolov8s_seed20260929,yolov8s,20260929,nms07_scale095,machine,M2,42,41,1,0.9761904761904762
yolov8s_seed20260929,yolov8s,20260929,nms07_scale095,machine,M3,46,38,8,0.8260869565217391
yolov8s_seed20260929,yolov8s,20260929,nms07_scale095,size_bin,12to16,22,19,3,0.8636363636363636
yolov8s_seed20260929,yolov8s,20260929,nms07_scale095,size_bin,8to12,104,96,8,0.9230769230769231
yolov8s_seed20260929,yolov8s,20260929,nms07_scale095,size_bin,ge16,1,0,1,0.0
yolov8s_seed20260929,yolov8s,20260929,nms07_scale095,size_bin,lt8,17,16,1,0.9411764705882353
yolov8s_seed20260929,yolov8s,20260929,nms07_scale095,contrast_bin,high,41,38,3,0.926829268292683
yolov8s_seed20260929,yolov8s,20260929,nms07_scale095,contrast_bin,low,57,50,7,0.8771929824561403
yolov8s_seed20260929,yolov8s,20260929,nms07_scale095,contrast_bin,mid,46,43,3,0.9347826086956522
yolov8s_seed20260929,yolov8s,20260929,nms07_scale095,group,M1_20200622,18,15,3,0.8333333333333334
yolov8s_seed20260929,yolov8s,20260929,nms07_scale095,group,M1_20200629,12,12,0,1.0
yolov8s_seed20260929,yolov8s,20260929,nms07_scale095,group,M1_20200715,15,15,0,1.0
yolov8s_seed20260929,yolov8s,20260929,nms07_scale095,group,M1_20200907,11,10,1,0.9090909090909091
yolov8s_seed20260929,yolov8s,20260929,nms07_scale095,group,M2_20200622,18,17,1,0.9444444444444444
yolov8s_seed20260929,yolov8s,20260929,nms07_scale095,group,M2_20200625,18,18,0,1.0
yolov8s_seed20260929,yolov8s,20260929,nms07_scale095,group,M2_20200906,6,6,0,1.0
yolov8s_seed20260929,yolov8s,20260929,nms07_scale095,group,M3_20200629,36,32,4,0.8888888888888888
yolov8s_seed20260929,yolov8s,20260929,nms07_scale095,group,M3_20200727,2,1,1,0.5
yolov8s_seed20260929,yolov8s,20260929,nms07_scale095,group,M3_20200826,6,5,1,0.8333333333333334
yolov8s_seed20260929,yolov8s,20260929,nms07_scale095,group,M3_20200922,2,0,2,0.0
yolov8s_p2_seed20260929,yolov8s_p2,20260929,native,machine,M1,56,55,1,0.9821428571428571
yolov8s_p2_seed20260929,yolov8s_p2,20260929,native,machine,M2,42,42,0,1.0
yolov8s_p2_seed20260929,yolov8s_p2,20260929,native,machine,M3,46,42,4,0.9130434782608695
yolov8s_p2_seed20260929,yolov8s_p2,20260929,native,size_bin,12to16,22,22,0,1.0
yolov8s_p2_seed20260929,yolov8s_p2,20260929,native,size_bin,8to12,104,101,3,0.9711538461538461
yolov8s_p2_seed20260929,yolov8s_p2,20260929,native,size_bin,ge16,1,0,1,0.0
yolov8s_p2_seed20260929,yolov8s_p2,20260929,native,size_bin,lt8,17,16,1,0.9411764705882353
yolov8s_p2_seed20260929,yolov8s_p2,20260929,native,contrast_bin,high,41,40,1,0.975609756097561
yolov8s_p2_seed20260929,yolov8s_p2,20260929,native,contrast_bin,low,57,54,3,0.9473684210526315
yolov8s_p2_seed20260929,yolov8s_p2,20260929,native,contrast_bin,mid,46,45,1,0.9782608695652174
yolov8s_p2_seed20260929,yolov8s_p2,20260929,native,group,M1_20200622,18,17,1,0.9444444444444444
yolov8s_p2_seed20260929,yolov8s_p2,20260929,native,group,M1_20200629,12,12,0,1.0
yolov8s_p2_seed20260929,yolov8s_p2,20260929,native,group,M1_20200715,15,15,0,1.0
yolov8s_p2_seed20260929,yolov8s_p2,20260929,native,group,M1_20200907,11,11,0,1.0
yolov8s_p2_seed20260929,yolov8s_p2,20260929,native,group,M2_20200622,18,18,0,1.0
yolov8s_p2_seed20260929,yolov8s_p2,20260929,native,group,M2_20200625,18,18,0,1.0
yolov8s_p2_seed20260929,yolov8s_p2,20260929,native,group,M2_20200906,6,6,0,1.0
yolov8s_p2_seed20260929,yolov8s_p2,20260929,native,group,M3_20200629,36,35,1,0.9722222222222222
yolov8s_p2_seed20260929,yolov8s_p2,20260929,native,group,M3_20200727,2,1,1,0.5
yolov8s_p2_seed20260929,yolov8s_p2,20260929,native,group,M3_20200826,6,5,1,0.8333333333333334
yolov8s_p2_seed20260929,yolov8s_p2,20260929,native,group,M3_20200922,2,1,1,0.5
yolov8s_p2_seed20260929,yolov8s_p2,20260929,nms07,machine,M1,56,55,1,0.9821428571428571
yolov8s_p2_seed20260929,yolov8s_p2,20260929,nms07,machine,M2,42,42,0,1.0
yolov8s_p2_seed20260929,yolov8s_p2,20260929,nms07,machine,M3,46,42,4,0.9130434782608695
yolov8s_p2_seed20260929,yolov8s_p2,20260929,nms07,size_bin,12to16,22,22,0,1.0
yolov8s_p2_seed20260929,yolov8s_p2,20260929,nms07,size_bin,8to12,104,101,3,0.9711538461538461
yolov8s_p2_seed20260929,yolov8s_p2,20260929,nms07,size_bin,ge16,1,0,1,0.0
yolov8s_p2_seed20260929,yolov8s_p2,20260929,nms07,size_bin,lt8,17,16,1,0.9411764705882353
yolov8s_p2_seed20260929,yolov8s_p2,20260929,nms07,contrast_bin,high,41,40,1,0.975609756097561
yolov8s_p2_seed20260929,yolov8s_p2,20260929,nms07,contrast_bin,low,57,54,3,0.9473684210526315
yolov8s_p2_seed20260929,yolov8s_p2,20260929,nms07,contrast_bin,mid,46,45,1,0.9782608695652174
yolov8s_p2_seed20260929,yolov8s_p2,20260929,nms07,group,M1_20200622,18,17,1,0.9444444444444444
yolov8s_p2_seed20260929,yolov8s_p2,20260929,nms07,group,M1_20200629,12,12,0,1.0
yolov8s_p2_seed20260929,yolov8s_p2,20260929,nms07,group,M1_20200715,15,15,0,1.0
yolov8s_p2_seed20260929,yolov8s_p2,20260929,nms07,group,M1_20200907,11,11,0,1.0
yolov8s_p2_seed20260929,yolov8s_p2,20260929,nms07,group,M2_20200622,18,18,0,1.0
yolov8s_p2_seed20260929,yolov8s_p2,20260929,nms07,group,M2_20200625,18,18,0,1.0
yolov8s_p2_seed20260929,yolov8s_p2,20260929,nms07,group,M2_20200906,6,6,0,1.0
yolov8s_p2_seed20260929,yolov8s_p2,20260929,nms07,group,M3_20200629,36,35,1,0.9722222222222222
yolov8s_p2_seed20260929,yolov8s_p2,20260929,nms07,group,M3_20200727,2,1,1,0.5
yolov8s_p2_seed20260929,yolov8s_p2,20260929,nms07,group,M3_20200826,6,5,1,0.8333333333333334
yolov8s_p2_seed20260929,yolov8s_p2,20260929,nms07,group,M3_20200922,2,1,1,0.5
yolov8s_p2_seed20260929,yolov8s_p2,20260929,nms07_scale095,machine,M1,56,54,2,0.9642857142857143
yolov8s_p2_seed20260929,yolov8s_p2,20260929,nms07_scale095,machine,M2,42,42,0,1.0
yolov8s_p2_seed20260929,yolov8s_p2,20260929,nms07_scale095,machine,M3,46,41,5,0.8913043478260869
yolov8s_p2_seed20260929,yolov8s_p2,20260929,nms07_scale095,size_bin,12to16,22,22,0,1.0
yolov8s_p2_seed20260929,yolov8s_p2,20260929,nms07_scale095,size_bin,8to12,104,99,5,0.9519230769230769
yolov8s_p2_seed20260929,yolov8s_p2,20260929,nms07_scale095,size_bin,ge16,1,0,1,0.0
yolov8s_p2_seed20260929,yolov8s_p2,20260929,nms07_scale095,size_bin,lt8,17,16,1,0.9411764705882353
yolov8s_p2_seed20260929,yolov8s_p2,20260929,nms07_scale095,contrast_bin,high,41,39,2,0.9512195121951219
yolov8s_p2_seed20260929,yolov8s_p2,20260929,nms07_scale095,contrast_bin,low,57,53,4,0.9298245614035088
yolov8s_p2_seed20260929,yolov8s_p2,20260929,nms07_scale095,contrast_bin,mid,46,45,1,0.9782608695652174
yolov8s_p2_seed20260929,yolov8s_p2,20260929,nms07_scale095,group,M1_20200622,18,16,2,0.8888888888888888
yolov8s_p2_seed20260929,yolov8s_p2,20260929,nms07_scale095,group,M1_20200629,12,12,0,1.0
yolov8s_p2_seed20260929,yolov8s_p2,20260929,nms07_scale095,group,M1_20200715,15,15,0,1.0
yolov8s_p2_seed20260929,yolov8s_p2,20260929,nms07_scale095,group,M1_20200907,11,11,0,1.0
yolov8s_p2_seed20260929,yolov8s_p2,20260929,nms07_scale095,group,M2_20200622,18,18,0,1.0
yolov8s_p2_seed20260929,yolov8s_p2,20260929,nms07_scale095,group,M2_20200625,18,18,0,1.0
yolov8s_p2_seed20260929,yolov8s_p2,20260929,nms07_scale095,group,M2_20200906,6,6,0,1.0
yolov8s_p2_seed20260929,yolov8s_p2,20260929,nms07_scale095,group,M3_20200629,36,35,1,0.9722222222222222
yolov8s_p2_seed20260929,yolov8s_p2,20260929,nms07_scale095,group,M3_20200727,2,1,1,0.5
yolov8s_p2_seed20260929,yolov8s_p2,20260929,nms07_scale095,group,M3_20200826,6,5,1,0.8333333333333334
yolov8s_p2_seed20260929,yolov8s_p2,20260929,nms07_scale095,group,M3_20200922,2,0,2,0.0
dfine_s_seed20260929,dfine_s,20260929,native,machine,M1,56,51,5,0.9107142857142857
dfine_s_seed20260929,dfine_s,20260929,native,machine,M2,42,38,4,0.9047619047619048
dfine_s_seed20260929,dfine_s,20260929,native,machine,M3,46,39,7,0.8478260869565217
dfine_s_seed20260929,dfine_s,20260929,native,size_bin,12to16,22,21,1,0.9545454545454546
dfine_s_seed20260929,dfine_s,20260929,native,size_bin,8to12,104,92,12,0.8846153846153846
dfine_s_seed20260929,dfine_s,20260929,native,size_bin,ge16,1,0,1,0.0
dfine_s_seed20260929,dfine_s,20260929,native,size_bin,lt8,17,15,2,0.8823529411764706
dfine_s_seed20260929,dfine_s,20260929,native,contrast_bin,high,41,35,6,0.8536585365853658
dfine_s_seed20260929,dfine_s,20260929,native,contrast_bin,low,57,49,8,0.8596491228070176
dfine_s_seed20260929,dfine_s,20260929,native,contrast_bin,mid,46,44,2,0.9565217391304348
dfine_s_seed20260929,dfine_s,20260929,native,group,M1_20200622,18,16,2,0.8888888888888888
dfine_s_seed20260929,dfine_s,20260929,native,group,M1_20200629,12,12,0,1.0
dfine_s_seed20260929,dfine_s,20260929,native,group,M1_20200715,15,14,1,0.9333333333333333
dfine_s_seed20260929,dfine_s,20260929,native,group,M1_20200907,11,9,2,0.8181818181818182
dfine_s_seed20260929,dfine_s,20260929,native,group,M2_20200622,18,17,1,0.9444444444444444
dfine_s_seed20260929,dfine_s,20260929,native,group,M2_20200625,18,17,1,0.9444444444444444
dfine_s_seed20260929,dfine_s,20260929,native,group,M2_20200906,6,4,2,0.6666666666666666
dfine_s_seed20260929,dfine_s,20260929,native,group,M3_20200629,36,32,4,0.8888888888888888
dfine_s_seed20260929,dfine_s,20260929,native,group,M3_20200727,2,1,1,0.5
dfine_s_seed20260929,dfine_s,20260929,native,group,M3_20200826,6,5,1,0.8333333333333334
dfine_s_seed20260929,dfine_s,20260929,native,group,M3_20200922,2,1,1,0.5
dfine_s_seed20260929,dfine_s,20260929,nms07,machine,M1,56,55,1,0.9821428571428571
dfine_s_seed20260929,dfine_s,20260929,nms07,machine,M2,42,42,0,1.0
dfine_s_seed20260929,dfine_s,20260929,nms07,machine,M3,46,44,2,0.9565217391304348
dfine_s_seed20260929,dfine_s,20260929,nms07,size_bin,12to16,22,22,0,1.0
dfine_s_seed20260929,dfine_s,20260929,nms07,size_bin,8to12,104,103,1,0.9903846153846154
dfine_s_seed20260929,dfine_s,20260929,nms07,size_bin,ge16,1,0,1,0.0
dfine_s_seed20260929,dfine_s,20260929,nms07,size_bin,lt8,17,16,1,0.9411764705882353
dfine_s_seed20260929,dfine_s,20260929,nms07,contrast_bin,high,41,40,1,0.975609756097561
dfine_s_seed20260929,dfine_s,20260929,nms07,contrast_bin,low,57,55,2,0.9649122807017544
dfine_s_seed20260929,dfine_s,20260929,nms07,contrast_bin,mid,46,46,0,1.0
dfine_s_seed20260929,dfine_s,20260929,nms07,group,M1_20200622,18,17,1,0.9444444444444444
dfine_s_seed20260929,dfine_s,20260929,nms07,group,M1_20200629,12,12,0,1.0
dfine_s_seed20260929,dfine_s,20260929,nms07,group,M1_20200715,15,15,0,1.0
dfine_s_seed20260929,dfine_s,20260929,nms07,group,M1_20200907,11,11,0,1.0
dfine_s_seed20260929,dfine_s,20260929,nms07,group,M2_20200622,18,18,0,1.0
dfine_s_seed20260929,dfine_s,20260929,nms07,group,M2_20200625,18,18,0,1.0
dfine_s_seed20260929,dfine_s,20260929,nms07,group,M2_20200906,6,6,0,1.0
dfine_s_seed20260929,dfine_s,20260929,nms07,group,M3_20200629,36,35,1,0.9722222222222222
dfine_s_seed20260929,dfine_s,20260929,nms07,group,M3_20200727,2,1,1,0.5
dfine_s_seed20260929,dfine_s,20260929,nms07,group,M3_20200826,6,6,0,1.0
dfine_s_seed20260929,dfine_s,20260929,nms07,group,M3_20200922,2,2,0,1.0
dfine_s_seed20260929,dfine_s,20260929,nms07_scale095,machine,M1,56,55,1,0.9821428571428571
dfine_s_seed20260929,dfine_s,20260929,nms07_scale095,machine,M2,42,42,0,1.0
dfine_s_seed20260929,dfine_s,20260929,nms07_scale095,machine,M3,46,44,2,0.9565217391304348
dfine_s_seed20260929,dfine_s,20260929,nms07_scale095,size_bin,12to16,22,22,0,1.0
dfine_s_seed20260929,dfine_s,20260929,nms07_scale095,size_bin,8to12,104,103,1,0.9903846153846154
dfine_s_seed20260929,dfine_s,20260929,nms07_scale095,size_bin,ge16,1,0,1,0.0
dfine_s_seed20260929,dfine_s,20260929,nms07_scale095,size_bin,lt8,17,16,1,0.9411764705882353
dfine_s_seed20260929,dfine_s,20260929,nms07_scale095,contrast_bin,high,41,40,1,0.975609756097561
dfine_s_seed20260929,dfine_s,20260929,nms07_scale095,contrast_bin,low,57,55,2,0.9649122807017544
dfine_s_seed20260929,dfine_s,20260929,nms07_scale095,contrast_bin,mid,46,46,0,1.0
dfine_s_seed20260929,dfine_s,20260929,nms07_scale095,group,M1_20200622,18,17,1,0.9444444444444444
dfine_s_seed20260929,dfine_s,20260929,nms07_scale095,group,M1_20200629,12,12,0,1.0
dfine_s_seed20260929,dfine_s,20260929,nms07_scale095,group,M1_20200715,15,15,0,1.0
dfine_s_seed20260929,dfine_s,20260929,nms07_scale095,group,M1_20200907,11,11,0,1.0
dfine_s_seed20260929,dfine_s,20260929,nms07_scale095,group,M2_20200622,18,18,0,1.0
dfine_s_seed20260929,dfine_s,20260929,nms07_scale095,group,M2_20200625,18,18,0,1.0
dfine_s_seed20260929,dfine_s,20260929,nms07_scale095,group,M2_20200906,6,6,0,1.0
dfine_s_seed20260929,dfine_s,20260929,nms07_scale095,group,M3_20200629,36,35,1,0.9722222222222222
dfine_s_seed20260929,dfine_s,20260929,nms07_scale095,group,M3_20200727,2,1,1,0.5
dfine_s_seed20260929,dfine_s,20260929,nms07_scale095,group,M3_20200826,6,6,0,1.0
dfine_s_seed20260929,dfine_s,20260929,nms07_scale095,group,M3_20200922,2,2,0,1.0
dfine_s_p2_seed20260929,dfine_s_p2,20260929,native,machine,M1,56,40,16,0.7142857142857143
dfine_s_p2_seed20260929,dfine_s_p2,20260929,native,machine,M2,42,31,11,0.7380952380952381
dfine_s_p2_seed20260929,dfine_s_p2,20260929,native,machine,M3,46,34,12,0.7391304347826086
dfine_s_p2_seed20260929,dfine_s_p2,20260929,native,size_bin,12to16,22,16,6,0.7272727272727273
dfine_s_p2_seed20260929,dfine_s_p2,20260929,native,size_bin,8to12,104,78,26,0.75
dfine_s_p2_seed20260929,dfine_s_p2,20260929,native,size_bin,ge16,1,0,1,0.0
dfine_s_p2_seed20260929,dfine_s_p2,20260929,native,size_bin,lt8,17,11,6,0.6470588235294118
dfine_s_p2_seed20260929,dfine_s_p2,20260929,native,contrast_bin,high,41,29,12,0.7073170731707317
dfine_s_p2_seed20260929,dfine_s_p2,20260929,native,contrast_bin,low,57,40,17,0.7017543859649122
dfine_s_p2_seed20260929,dfine_s_p2,20260929,native,contrast_bin,mid,46,36,10,0.782608695652174
dfine_s_p2_seed20260929,dfine_s_p2,20260929,native,group,M1_20200622,18,13,5,0.7222222222222222
dfine_s_p2_seed20260929,dfine_s_p2,20260929,native,group,M1_20200629,12,10,2,0.8333333333333334
dfine_s_p2_seed20260929,dfine_s_p2,20260929,native,group,M1_20200715,15,8,7,0.5333333333333333
dfine_s_p2_seed20260929,dfine_s_p2,20260929,native,group,M1_20200907,11,9,2,0.8181818181818182
dfine_s_p2_seed20260929,dfine_s_p2,20260929,native,group,M2_20200622,18,12,6,0.6666666666666666
dfine_s_p2_seed20260929,dfine_s_p2,20260929,native,group,M2_20200625,18,13,5,0.7222222222222222
dfine_s_p2_seed20260929,dfine_s_p2,20260929,native,group,M2_20200906,6,6,0,1.0
dfine_s_p2_seed20260929,dfine_s_p2,20260929,native,group,M3_20200629,36,27,9,0.75
dfine_s_p2_seed20260929,dfine_s_p2,20260929,native,group,M3_20200727,2,0,2,0.0
dfine_s_p2_seed20260929,dfine_s_p2,20260929,native,group,M3_20200826,6,5,1,0.8333333333333334
dfine_s_p2_seed20260929,dfine_s_p2,20260929,native,group,M3_20200922,2,2,0,1.0
dfine_s_p2_seed20260929,dfine_s_p2,20260929,nms07,machine,M1,56,55,1,0.9821428571428571
dfine_s_p2_seed20260929,dfine_s_p2,20260929,nms07,machine,M2,42,41,1,0.9761904761904762
dfine_s_p2_seed20260929,dfine_s_p2,20260929,nms07,machine,M3,46,44,2,0.9565217391304348
dfine_s_p2_seed20260929,dfine_s_p2,20260929,nms07,size_bin,12to16,22,21,1,0.9545454545454546
dfine_s_p2_seed20260929,dfine_s_p2,20260929,nms07,size_bin,8to12,104,103,1,0.9903846153846154
dfine_s_p2_seed20260929,dfine_s_p2,20260929,nms07,size_bin,ge16,1,0,1,0.0
dfine_s_p2_seed20260929,dfine_s_p2,20260929,nms07,size_bin,lt8,17,16,1,0.9411764705882353
dfine_s_p2_seed20260929,dfine_s_p2,20260929,nms07,contrast_bin,high,41,40,1,0.975609756097561
dfine_s_p2_seed20260929,dfine_s_p2,20260929,nms07,contrast_bin,low,57,55,2,0.9649122807017544
dfine_s_p2_seed20260929,dfine_s_p2,20260929,nms07,contrast_bin,mid,46,45,1,0.9782608695652174
dfine_s_p2_seed20260929,dfine_s_p2,20260929,nms07,group,M1_20200622,18,17,1,0.9444444444444444
dfine_s_p2_seed20260929,dfine_s_p2,20260929,nms07,group,M1_20200629,12,12,0,1.0
dfine_s_p2_seed20260929,dfine_s_p2,20260929,nms07,group,M1_20200715,15,15,0,1.0
dfine_s_p2_seed20260929,dfine_s_p2,20260929,nms07,group,M1_20200907,11,11,0,1.0
dfine_s_p2_seed20260929,dfine_s_p2,20260929,nms07,group,M2_20200622,18,17,1,0.9444444444444444
dfine_s_p2_seed20260929,dfine_s_p2,20260929,nms07,group,M2_20200625,18,18,0,1.0
dfine_s_p2_seed20260929,dfine_s_p2,20260929,nms07,group,M2_20200906,6,6,0,1.0
dfine_s_p2_seed20260929,dfine_s_p2,20260929,nms07,group,M3_20200629,36,35,1,0.9722222222222222
dfine_s_p2_seed20260929,dfine_s_p2,20260929,nms07,group,M3_20200727,2,1,1,0.5
dfine_s_p2_seed20260929,dfine_s_p2,20260929,nms07,group,M3_20200826,6,6,0,1.0
dfine_s_p2_seed20260929,dfine_s_p2,20260929,nms07,group,M3_20200922,2,2,0,1.0
dfine_s_p2_seed20260929,dfine_s_p2,20260929,nms07_scale095,machine,M1,56,55,1,0.9821428571428571
dfine_s_p2_seed20260929,dfine_s_p2,20260929,nms07_scale095,machine,M2,42,40,2,0.9523809523809523
dfine_s_p2_seed20260929,dfine_s_p2,20260929,nms07_scale095,machine,M3,46,44,2,0.9565217391304348
dfine_s_p2_seed20260929,dfine_s_p2,20260929,nms07_scale095,size_bin,12to16,22,20,2,0.9090909090909091
dfine_s_p2_seed20260929,dfine_s_p2,20260929,nms07_scale095,size_bin,8to12,104,103,1,0.9903846153846154
dfine_s_p2_seed20260929,dfine_s_p2,20260929,nms07_scale095,size_bin,ge16,1,0,1,0.0
dfine_s_p2_seed20260929,dfine_s_p2,20260929,nms07_scale095,size_bin,lt8,17,16,1,0.9411764705882353
dfine_s_p2_seed20260929,dfine_s_p2,20260929,nms07_scale095,contrast_bin,high,41,40,1,0.975609756097561
dfine_s_p2_seed20260929,dfine_s_p2,20260929,nms07_scale095,contrast_bin,low,57,55,2,0.9649122807017544
dfine_s_p2_seed20260929,dfine_s_p2,20260929,nms07_scale095,contrast_bin,mid,46,44,2,0.9565217391304348
dfine_s_p2_seed20260929,dfine_s_p2,20260929,nms07_scale095,group,M1_20200622,18,17,1,0.9444444444444444
dfine_s_p2_seed20260929,dfine_s_p2,20260929,nms07_scale095,group,M1_20200629,12,12,0,1.0
dfine_s_p2_seed20260929,dfine_s_p2,20260929,nms07_scale095,group,M1_20200715,15,15,0,1.0
dfine_s_p2_seed20260929,dfine_s_p2,20260929,nms07_scale095,group,M1_20200907,11,11,0,1.0
dfine_s_p2_seed20260929,dfine_s_p2,20260929,nms07_scale095,group,M2_20200622,18,16,2,0.8888888888888888
dfine_s_p2_seed20260929,dfine_s_p2,20260929,nms07_scale095,group,M2_20200625,18,18,0,1.0
dfine_s_p2_seed20260929,dfine_s_p2,20260929,nms07_scale095,group,M2_20200906,6,6,0,1.0
dfine_s_p2_seed20260929,dfine_s_p2,20260929,nms07_scale095,group,M3_20200629,36,35,1,0.9722222222222222
dfine_s_p2_seed20260929,dfine_s_p2,20260929,nms07_scale095,group,M3_20200727,2,1,1,0.5
dfine_s_p2_seed20260929,dfine_s_p2,20260929,nms07_scale095,group,M3_20200826,6,6,0,1.0
dfine_s_p2_seed20260929,dfine_s_p2,20260929,nms07_scale095,group,M3_20200922,2,2,0,1.0
yolov8s_seed20260930,yolov8s,20260930,native,machine,M1,56,56,0,1.0
yolov8s_seed20260930,yolov8s,20260930,native,machine,M2,42,42,0,1.0
yolov8s_seed20260930,yolov8s,20260930,native,machine,M3,46,38,8,0.8260869565217391
yolov8s_seed20260930,yolov8s,20260930,native,size_bin,12to16,22,22,0,1.0
yolov8s_seed20260930,yolov8s,20260930,native,size_bin,8to12,104,97,7,0.9326923076923077
yolov8s_seed20260930,yolov8s,20260930,native,size_bin,ge16,1,0,1,0.0
yolov8s_seed20260930,yolov8s,20260930,native,size_bin,lt8,17,17,0,1.0
yolov8s_seed20260930,yolov8s,20260930,native,contrast_bin,high,41,38,3,0.926829268292683
yolov8s_seed20260930,yolov8s,20260930,native,contrast_bin,low,57,53,4,0.9298245614035088
yolov8s_seed20260930,yolov8s,20260930,native,contrast_bin,mid,46,45,1,0.9782608695652174
yolov8s_seed20260930,yolov8s,20260930,native,group,M1_20200622,18,18,0,1.0
yolov8s_seed20260930,yolov8s,20260930,native,group,M1_20200629,12,12,0,1.0
yolov8s_seed20260930,yolov8s,20260930,native,group,M1_20200715,15,15,0,1.0
yolov8s_seed20260930,yolov8s,20260930,native,group,M1_20200907,11,11,0,1.0
yolov8s_seed20260930,yolov8s,20260930,native,group,M2_20200622,18,18,0,1.0
yolov8s_seed20260930,yolov8s,20260930,native,group,M2_20200625,18,18,0,1.0
yolov8s_seed20260930,yolov8s,20260930,native,group,M2_20200906,6,6,0,1.0
yolov8s_seed20260930,yolov8s,20260930,native,group,M3_20200629,36,32,4,0.8888888888888888
yolov8s_seed20260930,yolov8s,20260930,native,group,M3_20200727,2,1,1,0.5
yolov8s_seed20260930,yolov8s,20260930,native,group,M3_20200826,6,5,1,0.8333333333333334
yolov8s_seed20260930,yolov8s,20260930,native,group,M3_20200922,2,0,2,0.0
yolov8s_seed20260930,yolov8s,20260930,nms07,machine,M1,56,56,0,1.0
yolov8s_seed20260930,yolov8s,20260930,nms07,machine,M2,42,42,0,1.0
yolov8s_seed20260930,yolov8s,20260930,nms07,machine,M3,46,38,8,0.8260869565217391
yolov8s_seed20260930,yolov8s,20260930,nms07,size_bin,12to16,22,22,0,1.0
yolov8s_seed20260930,yolov8s,20260930,nms07,size_bin,8to12,104,97,7,0.9326923076923077
yolov8s_seed20260930,yolov8s,20260930,nms07,size_bin,ge16,1,0,1,0.0
yolov8s_seed20260930,yolov8s,20260930,nms07,size_bin,lt8,17,17,0,1.0
yolov8s_seed20260930,yolov8s,20260930,nms07,contrast_bin,high,41,38,3,0.926829268292683
yolov8s_seed20260930,yolov8s,20260930,nms07,contrast_bin,low,57,53,4,0.9298245614035088
yolov8s_seed20260930,yolov8s,20260930,nms07,contrast_bin,mid,46,45,1,0.9782608695652174
yolov8s_seed20260930,yolov8s,20260930,nms07,group,M1_20200622,18,18,0,1.0
yolov8s_seed20260930,yolov8s,20260930,nms07,group,M1_20200629,12,12,0,1.0
yolov8s_seed20260930,yolov8s,20260930,nms07,group,M1_20200715,15,15,0,1.0
yolov8s_seed20260930,yolov8s,20260930,nms07,group,M1_20200907,11,11,0,1.0
yolov8s_seed20260930,yolov8s,20260930,nms07,group,M2_20200622,18,18,0,1.0
yolov8s_seed20260930,yolov8s,20260930,nms07,group,M2_20200625,18,18,0,1.0
yolov8s_seed20260930,yolov8s,20260930,nms07,group,M2_20200906,6,6,0,1.0
yolov8s_seed20260930,yolov8s,20260930,nms07,group,M3_20200629,36,32,4,0.8888888888888888
yolov8s_seed20260930,yolov8s,20260930,nms07,group,M3_20200727,2,1,1,0.5
yolov8s_seed20260930,yolov8s,20260930,nms07,group,M3_20200826,6,5,1,0.8333333333333334
yolov8s_seed20260930,yolov8s,20260930,nms07,group,M3_20200922,2,0,2,0.0
yolov8s_seed20260930,yolov8s,20260930,nms07_scale095,machine,M1,56,56,0,1.0
yolov8s_seed20260930,yolov8s,20260930,nms07_scale095,machine,M2,42,41,1,0.9761904761904762
yolov8s_seed20260930,yolov8s,20260930,nms07_scale095,machine,M3,46,39,7,0.8478260869565217
yolov8s_seed20260930,yolov8s,20260930,nms07_scale095,size_bin,12to16,22,21,1,0.9545454545454546
yolov8s_seed20260930,yolov8s,20260930,nms07_scale095,size_bin,8to12,104,98,6,0.9423076923076923
yolov8s_seed20260930,yolov8s,20260930,nms07_scale095,size_bin,ge16,1,0,1,0.0
yolov8s_seed20260930,yolov8s,20260930,nms07_scale095,size_bin,lt8,17,17,0,1.0
yolov8s_seed20260930,yolov8s,20260930,nms07_scale095,contrast_bin,high,41,39,2,0.9512195121951219
yolov8s_seed20260930,yolov8s,20260930,nms07_scale095,contrast_bin,low,57,53,4,0.9298245614035088
yolov8s_seed20260930,yolov8s,20260930,nms07_scale095,contrast_bin,mid,46,44,2,0.9565217391304348
yolov8s_seed20260930,yolov8s,20260930,nms07_scale095,group,M1_20200622,18,18,0,1.0
yolov8s_seed20260930,yolov8s,20260930,nms07_scale095,group,M1_20200629,12,12,0,1.0
yolov8s_seed20260930,yolov8s,20260930,nms07_scale095,group,M1_20200715,15,15,0,1.0
yolov8s_seed20260930,yolov8s,20260930,nms07_scale095,group,M1_20200907,11,11,0,1.0
yolov8s_seed20260930,yolov8s,20260930,nms07_scale095,group,M2_20200622,18,17,1,0.9444444444444444
yolov8s_seed20260930,yolov8s,20260930,nms07_scale095,group,M2_20200625,18,18,0,1.0
yolov8s_seed20260930,yolov8s,20260930,nms07_scale095,group,M2_20200906,6,6,0,1.0
yolov8s_seed20260930,yolov8s,20260930,nms07_scale095,group,M3_20200629,36,33,3,0.9166666666666666
yolov8s_seed20260930,yolov8s,20260930,nms07_scale095,group,M3_20200727,2,1,1,0.5
yolov8s_seed20260930,yolov8s,20260930,nms07_scale095,group,M3_20200826,6,5,1,0.8333333333333334
yolov8s_seed20260930,yolov8s,20260930,nms07_scale095,group,M3_20200922,2,0,2,0.0
yolov8s_p2_seed20260930,yolov8s_p2,20260930,native,machine,M1,56,55,1,0.9821428571428571
yolov8s_p2_seed20260930,yolov8s_p2,20260930,native,machine,M2,42,42,0,1.0
yolov8s_p2_seed20260930,yolov8s_p2,20260930,native,machine,M3,46,41,5,0.8913043478260869
yolov8s_p2_seed20260930,yolov8s_p2,20260930,native,size_bin,12to16,22,22,0,1.0
yolov8s_p2_seed20260930,yolov8s_p2,20260930,native,size_bin,8to12,104,100,4,0.9615384615384616
yolov8s_p2_seed20260930,yolov8s_p2,20260930,native,size_bin,ge16,1,0,1,0.0
yolov8s_p2_seed20260930,yolov8s_p2,20260930,native,size_bin,lt8,17,16,1,0.9411764705882353
yolov8s_p2_seed20260930,yolov8s_p2,20260930,native,contrast_bin,high,41,39,2,0.9512195121951219
yolov8s_p2_seed20260930,yolov8s_p2,20260930,native,contrast_bin,low,57,54,3,0.9473684210526315
yolov8s_p2_seed20260930,yolov8s_p2,20260930,native,contrast_bin,mid,46,45,1,0.9782608695652174
yolov8s_p2_seed20260930,yolov8s_p2,20260930,native,group,M1_20200622,18,17,1,0.9444444444444444
yolov8s_p2_seed20260930,yolov8s_p2,20260930,native,group,M1_20200629,12,12,0,1.0
yolov8s_p2_seed20260930,yolov8s_p2,20260930,native,group,M1_20200715,15,15,0,1.0
yolov8s_p2_seed20260930,yolov8s_p2,20260930,native,group,M1_20200907,11,11,0,1.0
yolov8s_p2_seed20260930,yolov8s_p2,20260930,native,group,M2_20200622,18,18,0,1.0
yolov8s_p2_seed20260930,yolov8s_p2,20260930,native,group,M2_20200625,18,18,0,1.0
yolov8s_p2_seed20260930,yolov8s_p2,20260930,native,group,M2_20200906,6,6,0,1.0
yolov8s_p2_seed20260930,yolov8s_p2,20260930,native,group,M3_20200629,36,35,1,0.9722222222222222
yolov8s_p2_seed20260930,yolov8s_p2,20260930,native,group,M3_20200727,2,1,1,0.5
yolov8s_p2_seed20260930,yolov8s_p2,20260930,native,group,M3_20200826,6,5,1,0.8333333333333334
yolov8s_p2_seed20260930,yolov8s_p2,20260930,native,group,M3_20200922,2,0,2,0.0
yolov8s_p2_seed20260930,yolov8s_p2,20260930,nms07,machine,M1,56,55,1,0.9821428571428571
yolov8s_p2_seed20260930,yolov8s_p2,20260930,nms07,machine,M2,42,42,0,1.0
yolov8s_p2_seed20260930,yolov8s_p2,20260930,nms07,machine,M3,46,41,5,0.8913043478260869
yolov8s_p2_seed20260930,yolov8s_p2,20260930,nms07,size_bin,12to16,22,22,0,1.0
yolov8s_p2_seed20260930,yolov8s_p2,20260930,nms07,size_bin,8to12,104,100,4,0.9615384615384616
yolov8s_p2_seed20260930,yolov8s_p2,20260930,nms07,size_bin,ge16,1,0,1,0.0
yolov8s_p2_seed20260930,yolov8s_p2,20260930,nms07,size_bin,lt8,17,16,1,0.9411764705882353
yolov8s_p2_seed20260930,yolov8s_p2,20260930,nms07,contrast_bin,high,41,39,2,0.9512195121951219
yolov8s_p2_seed20260930,yolov8s_p2,20260930,nms07,contrast_bin,low,57,54,3,0.9473684210526315
yolov8s_p2_seed20260930,yolov8s_p2,20260930,nms07,contrast_bin,mid,46,45,1,0.9782608695652174
yolov8s_p2_seed20260930,yolov8s_p2,20260930,nms07,group,M1_20200622,18,17,1,0.9444444444444444
yolov8s_p2_seed20260930,yolov8s_p2,20260930,nms07,group,M1_20200629,12,12,0,1.0
yolov8s_p2_seed20260930,yolov8s_p2,20260930,nms07,group,M1_20200715,15,15,0,1.0
yolov8s_p2_seed20260930,yolov8s_p2,20260930,nms07,group,M1_20200907,11,11,0,1.0
yolov8s_p2_seed20260930,yolov8s_p2,20260930,nms07,group,M2_20200622,18,18,0,1.0
yolov8s_p2_seed20260930,yolov8s_p2,20260930,nms07,group,M2_20200625,18,18,0,1.0
yolov8s_p2_seed20260930,yolov8s_p2,20260930,nms07,group,M2_20200906,6,6,0,1.0
yolov8s_p2_seed20260930,yolov8s_p2,20260930,nms07,group,M3_20200629,36,35,1,0.9722222222222222
yolov8s_p2_seed20260930,yolov8s_p2,20260930,nms07,group,M3_20200727,2,1,1,0.5
yolov8s_p2_seed20260930,yolov8s_p2,20260930,nms07,group,M3_20200826,6,5,1,0.8333333333333334
yolov8s_p2_seed20260930,yolov8s_p2,20260930,nms07,group,M3_20200922,2,0,2,0.0
yolov8s_p2_seed20260930,yolov8s_p2,20260930,nms07_scale095,machine,M1,56,44,12,0.7857142857142857
yolov8s_p2_seed20260930,yolov8s_p2,20260930,nms07_scale095,machine,M2,42,40,2,0.9523809523809523
yolov8s_p2_seed20260930,yolov8s_p2,20260930,nms07_scale095,machine,M3,46,34,12,0.7391304347826086
yolov8s_p2_seed20260930,yolov8s_p2,20260930,nms07_scale095,size_bin,12to16,22,20,2,0.9090909090909091
yolov8s_p2_seed20260930,yolov8s_p2,20260930,nms07_scale095,size_bin,8to12,104,85,19,0.8173076923076923
yolov8s_p2_seed20260930,yolov8s_p2,20260930,nms07_scale095,size_bin,ge16,1,0,1,0.0
yolov8s_p2_seed20260930,yolov8s_p2,20260930,nms07_scale095,size_bin,lt8,17,13,4,0.7647058823529411
yolov8s_p2_seed20260930,yolov8s_p2,20260930,nms07_scale095,contrast_bin,high,41,35,6,0.8536585365853658
yolov8s_p2_seed20260930,yolov8s_p2,20260930,nms07_scale095,contrast_bin,low,57,46,11,0.8070175438596491
yolov8s_p2_seed20260930,yolov8s_p2,20260930,nms07_scale095,contrast_bin,mid,46,37,9,0.8043478260869565
yolov8s_p2_seed20260930,yolov8s_p2,20260930,nms07_scale095,group,M1_20200622,18,11,7,0.6111111111111112
yolov8s_p2_seed20260930,yolov8s_p2,20260930,nms07_scale095,group,M1_20200629,12,9,3,0.75
yolov8s_p2_seed20260930,yolov8s_p2,20260930,nms07_scale095,group,M1_20200715,15,13,2,0.8666666666666667
yolov8s_p2_seed20260930,yolov8s_p2,20260930,nms07_scale095,group,M1_20200907,11,11,0,1.0
yolov8s_p2_seed20260930,yolov8s_p2,20260930,nms07_scale095,group,M2_20200622,18,17,1,0.9444444444444444
yolov8s_p2_seed20260930,yolov8s_p2,20260930,nms07_scale095,group,M2_20200625,18,17,1,0.9444444444444444
yolov8s_p2_seed20260930,yolov8s_p2,20260930,nms07_scale095,group,M2_20200906,6,6,0,1.0
yolov8s_p2_seed20260930,yolov8s_p2,20260930,nms07_scale095,group,M3_20200629,36,30,6,0.8333333333333334
yolov8s_p2_seed20260930,yolov8s_p2,20260930,nms07_scale095,group,M3_20200727,2,0,2,0.0
yolov8s_p2_seed20260930,yolov8s_p2,20260930,nms07_scale095,group,M3_20200826,6,4,2,0.6666666666666666
yolov8s_p2_seed20260930,yolov8s_p2,20260930,nms07_scale095,group,M3_20200922,2,0,2,0.0
dfine_s_seed20260930,dfine_s,20260930,native,machine,M1,56,47,9,0.8392857142857143
dfine_s_seed20260930,dfine_s,20260930,native,machine,M2,42,34,8,0.8095238095238095
dfine_s_seed20260930,dfine_s,20260930,native,machine,M3,46,30,16,0.6521739130434783
dfine_s_seed20260930,dfine_s,20260930,native,size_bin,12to16,22,20,2,0.9090909090909091
dfine_s_seed20260930,dfine_s,20260930,native,size_bin,8to12,104,78,26,0.75
dfine_s_seed20260930,dfine_s,20260930,native,size_bin,ge16,1,0,1,0.0
dfine_s_seed20260930,dfine_s,20260930,native,size_bin,lt8,17,13,4,0.7647058823529411
dfine_s_seed20260930,dfine_s,20260930,native,contrast_bin,high,41,29,12,0.7073170731707317
dfine_s_seed20260930,dfine_s,20260930,native,contrast_bin,low,57,43,14,0.7543859649122807
dfine_s_seed20260930,dfine_s,20260930,native,contrast_bin,mid,46,39,7,0.8478260869565217
dfine_s_seed20260930,dfine_s,20260930,native,group,M1_20200622,18,13,5,0.7222222222222222
dfine_s_seed20260930,dfine_s,20260930,native,group,M1_20200629,12,11,1,0.9166666666666666
dfine_s_seed20260930,dfine_s,20260930,native,group,M1_20200715,15,14,1,0.9333333333333333
dfine_s_seed20260930,dfine_s,20260930,native,group,M1_20200907,11,9,2,0.8181818181818182
dfine_s_seed20260930,dfine_s,20260930,native,group,M2_20200622,18,17,1,0.9444444444444444
dfine_s_seed20260930,dfine_s,20260930,native,group,M2_20200625,18,12,6,0.6666666666666666
dfine_s_seed20260930,dfine_s,20260930,native,group,M2_20200906,6,5,1,0.8333333333333334
dfine_s_seed20260930,dfine_s,20260930,native,group,M3_20200629,36,28,8,0.7777777777777778
dfine_s_seed20260930,dfine_s,20260930,native,group,M3_20200727,2,0,2,0.0
dfine_s_seed20260930,dfine_s,20260930,native,group,M3_20200826,6,2,4,0.3333333333333333
dfine_s_seed20260930,dfine_s,20260930,native,group,M3_20200922,2,0,2,0.0
dfine_s_seed20260930,dfine_s,20260930,nms07,machine,M1,56,54,2,0.9642857142857143
dfine_s_seed20260930,dfine_s,20260930,nms07,machine,M2,42,42,0,1.0
dfine_s_seed20260930,dfine_s,20260930,nms07,machine,M3,46,43,3,0.9347826086956522
dfine_s_seed20260930,dfine_s,20260930,nms07,size_bin,12to16,22,22,0,1.0
dfine_s_seed20260930,dfine_s,20260930,nms07,size_bin,8to12,104,101,3,0.9711538461538461
dfine_s_seed20260930,dfine_s,20260930,nms07,size_bin,ge16,1,0,1,0.0
dfine_s_seed20260930,dfine_s,20260930,nms07,size_bin,lt8,17,16,1,0.9411764705882353
dfine_s_seed20260930,dfine_s,20260930,nms07,contrast_bin,high,41,39,2,0.9512195121951219
dfine_s_seed20260930,dfine_s,20260930,nms07,contrast_bin,low,57,54,3,0.9473684210526315
dfine_s_seed20260930,dfine_s,20260930,nms07,contrast_bin,mid,46,46,0,1.0
dfine_s_seed20260930,dfine_s,20260930,nms07,group,M1_20200622,18,16,2,0.8888888888888888
dfine_s_seed20260930,dfine_s,20260930,nms07,group,M1_20200629,12,12,0,1.0
dfine_s_seed20260930,dfine_s,20260930,nms07,group,M1_20200715,15,15,0,1.0
dfine_s_seed20260930,dfine_s,20260930,nms07,group,M1_20200907,11,11,0,1.0
dfine_s_seed20260930,dfine_s,20260930,nms07,group,M2_20200622,18,18,0,1.0
dfine_s_seed20260930,dfine_s,20260930,nms07,group,M2_20200625,18,18,0,1.0
dfine_s_seed20260930,dfine_s,20260930,nms07,group,M2_20200906,6,6,0,1.0
dfine_s_seed20260930,dfine_s,20260930,nms07,group,M3_20200629,36,35,1,0.9722222222222222
dfine_s_seed20260930,dfine_s,20260930,nms07,group,M3_20200727,2,1,1,0.5
dfine_s_seed20260930,dfine_s,20260930,nms07,group,M3_20200826,6,6,0,1.0
dfine_s_seed20260930,dfine_s,20260930,nms07,group,M3_20200922,2,1,1,0.5
dfine_s_seed20260930,dfine_s,20260930,nms07_scale095,machine,M1,56,55,1,0.9821428571428571
dfine_s_seed20260930,dfine_s,20260930,nms07_scale095,machine,M2,42,42,0,1.0
dfine_s_seed20260930,dfine_s,20260930,nms07_scale095,machine,M3,46,44,2,0.9565217391304348
dfine_s_seed20260930,dfine_s,20260930,nms07_scale095,size_bin,12to16,22,22,0,1.0
dfine_s_seed20260930,dfine_s,20260930,nms07_scale095,size_bin,8to12,104,102,2,0.9807692307692307
dfine_s_seed20260930,dfine_s,20260930,nms07_scale095,size_bin,ge16,1,0,1,0.0
dfine_s_seed20260930,dfine_s,20260930,nms07_scale095,size_bin,lt8,17,17,0,1.0
dfine_s_seed20260930,dfine_s,20260930,nms07_scale095,contrast_bin,high,41,39,2,0.9512195121951219
dfine_s_seed20260930,dfine_s,20260930,nms07_scale095,contrast_bin,low,57,56,1,0.9824561403508771
dfine_s_seed20260930,dfine_s,20260930,nms07_scale095,contrast_bin,mid,46,46,0,1.0
dfine_s_seed20260930,dfine_s,20260930,nms07_scale095,group,M1_20200622,18,17,1,0.9444444444444444
dfine_s_seed20260930,dfine_s,20260930,nms07_scale095,group,M1_20200629,12,12,0,1.0
dfine_s_seed20260930,dfine_s,20260930,nms07_scale095,group,M1_20200715,15,15,0,1.0
dfine_s_seed20260930,dfine_s,20260930,nms07_scale095,group,M1_20200907,11,11,0,1.0
dfine_s_seed20260930,dfine_s,20260930,nms07_scale095,group,M2_20200622,18,18,0,1.0
dfine_s_seed20260930,dfine_s,20260930,nms07_scale095,group,M2_20200625,18,18,0,1.0
dfine_s_seed20260930,dfine_s,20260930,nms07_scale095,group,M2_20200906,6,6,0,1.0
dfine_s_seed20260930,dfine_s,20260930,nms07_scale095,group,M3_20200629,36,35,1,0.9722222222222222
dfine_s_seed20260930,dfine_s,20260930,nms07_scale095,group,M3_20200727,2,1,1,0.5
dfine_s_seed20260930,dfine_s,20260930,nms07_scale095,group,M3_20200826,6,6,0,1.0
dfine_s_seed20260930,dfine_s,20260930,nms07_scale095,group,M3_20200922,2,2,0,1.0
dfine_s_p2_seed20260930,dfine_s_p2,20260930,native,machine,M1,56,33,23,0.5892857142857143
dfine_s_p2_seed20260930,dfine_s_p2,20260930,native,machine,M2,42,30,12,0.7142857142857143
dfine_s_p2_seed20260930,dfine_s_p2,20260930,native,machine,M3,46,36,10,0.782608695652174
dfine_s_p2_seed20260930,dfine_s_p2,20260930,native,size_bin,12to16,22,20,2,0.9090909090909091
dfine_s_p2_seed20260930,dfine_s_p2,20260930,native,size_bin,8to12,104,68,36,0.6538461538461539
dfine_s_p2_seed20260930,dfine_s_p2,20260930,native,size_bin,ge16,1,0,1,0.0
dfine_s_p2_seed20260930,dfine_s_p2,20260930,native,size_bin,lt8,17,11,6,0.6470588235294118
dfine_s_p2_seed20260930,dfine_s_p2,20260930,native,contrast_bin,high,41,28,13,0.6829268292682927
dfine_s_p2_seed20260930,dfine_s_p2,20260930,native,contrast_bin,low,57,38,19,0.6666666666666666
dfine_s_p2_seed20260930,dfine_s_p2,20260930,native,contrast_bin,mid,46,33,13,0.717391304347826
dfine_s_p2_seed20260930,dfine_s_p2,20260930,native,group,M1_20200622,18,9,9,0.5
dfine_s_p2_seed20260930,dfine_s_p2,20260930,native,group,M1_20200629,12,7,5,0.5833333333333334
dfine_s_p2_seed20260930,dfine_s_p2,20260930,native,group,M1_20200715,15,10,5,0.6666666666666666
dfine_s_p2_seed20260930,dfine_s_p2,20260930,native,group,M1_20200907,11,7,4,0.6363636363636364
dfine_s_p2_seed20260930,dfine_s_p2,20260930,native,group,M2_20200622,18,12,6,0.6666666666666666
dfine_s_p2_seed20260930,dfine_s_p2,20260930,native,group,M2_20200625,18,14,4,0.7777777777777778
dfine_s_p2_seed20260930,dfine_s_p2,20260930,native,group,M2_20200906,6,4,2,0.6666666666666666
dfine_s_p2_seed20260930,dfine_s_p2,20260930,native,group,M3_20200629,36,31,5,0.8611111111111112
dfine_s_p2_seed20260930,dfine_s_p2,20260930,native,group,M3_20200727,2,0,2,0.0
dfine_s_p2_seed20260930,dfine_s_p2,20260930,native,group,M3_20200826,6,5,1,0.8333333333333334
dfine_s_p2_seed20260930,dfine_s_p2,20260930,native,group,M3_20200922,2,0,2,0.0
dfine_s_p2_seed20260930,dfine_s_p2,20260930,nms07,machine,M1,56,53,3,0.9464285714285714
dfine_s_p2_seed20260930,dfine_s_p2,20260930,nms07,machine,M2,42,39,3,0.9285714285714286
dfine_s_p2_seed20260930,dfine_s_p2,20260930,nms07,machine,M3,46,43,3,0.9347826086956522
dfine_s_p2_seed20260930,dfine_s_p2,20260930,nms07,size_bin,12to16,22,22,0,1.0
dfine_s_p2_seed20260930,dfine_s_p2,20260930,nms07,size_bin,8to12,104,98,6,0.9423076923076923
dfine_s_p2_seed20260930,dfine_s_p2,20260930,nms07,size_bin,ge16,1,0,1,0.0
dfine_s_p2_seed20260930,dfine_s_p2,20260930,nms07,size_bin,lt8,17,15,2,0.8823529411764706
dfine_s_p2_seed20260930,dfine_s_p2,20260930,nms07,contrast_bin,high,41,40,1,0.975609756097561
dfine_s_p2_seed20260930,dfine_s_p2,20260930,nms07,contrast_bin,low,57,50,7,0.8771929824561403
dfine_s_p2_seed20260930,dfine_s_p2,20260930,nms07,contrast_bin,mid,46,45,1,0.9782608695652174
dfine_s_p2_seed20260930,dfine_s_p2,20260930,nms07,group,M1_20200622,18,17,1,0.9444444444444444
dfine_s_p2_seed20260930,dfine_s_p2,20260930,nms07,group,M1_20200629,12,11,1,0.9166666666666666
dfine_s_p2_seed20260930,dfine_s_p2,20260930,nms07,group,M1_20200715,15,15,0,1.0
dfine_s_p2_seed20260930,dfine_s_p2,20260930,nms07,group,M1_20200907,11,10,1,0.9090909090909091
dfine_s_p2_seed20260930,dfine_s_p2,20260930,nms07,group,M2_20200622,18,15,3,0.8333333333333334
dfine_s_p2_seed20260930,dfine_s_p2,20260930,nms07,group,M2_20200625,18,18,0,1.0
dfine_s_p2_seed20260930,dfine_s_p2,20260930,nms07,group,M2_20200906,6,6,0,1.0
dfine_s_p2_seed20260930,dfine_s_p2,20260930,nms07,group,M3_20200629,36,34,2,0.9444444444444444
dfine_s_p2_seed20260930,dfine_s_p2,20260930,nms07,group,M3_20200727,2,1,1,0.5
dfine_s_p2_seed20260930,dfine_s_p2,20260930,nms07,group,M3_20200826,6,6,0,1.0
dfine_s_p2_seed20260930,dfine_s_p2,20260930,nms07,group,M3_20200922,2,2,0,1.0
dfine_s_p2_seed20260930,dfine_s_p2,20260930,nms07_scale095,machine,M1,56,54,2,0.9642857142857143
dfine_s_p2_seed20260930,dfine_s_p2,20260930,nms07_scale095,machine,M2,42,40,2,0.9523809523809523
dfine_s_p2_seed20260930,dfine_s_p2,20260930,nms07_scale095,machine,M3,46,44,2,0.9565217391304348
dfine_s_p2_seed20260930,dfine_s_p2,20260930,nms07_scale095,size_bin,12to16,22,22,0,1.0
dfine_s_p2_seed20260930,dfine_s_p2,20260930,nms07_scale095,size_bin,8to12,104,100,4,0.9615384615384616
dfine_s_p2_seed20260930,dfine_s_p2,20260930,nms07_scale095,size_bin,ge16,1,0,1,0.0
dfine_s_p2_seed20260930,dfine_s_p2,20260930,nms07_scale095,size_bin,lt8,17,16,1,0.9411764705882353
dfine_s_p2_seed20260930,dfine_s_p2,20260930,nms07_scale095,contrast_bin,high,41,40,1,0.975609756097561
dfine_s_p2_seed20260930,dfine_s_p2,20260930,nms07_scale095,contrast_bin,low,57,53,4,0.9298245614035088
dfine_s_p2_seed20260930,dfine_s_p2,20260930,nms07_scale095,contrast_bin,mid,46,45,1,0.9782608695652174
dfine_s_p2_seed20260930,dfine_s_p2,20260930,nms07_scale095,group,M1_20200622,18,18,0,1.0
dfine_s_p2_seed20260930,dfine_s_p2,20260930,nms07_scale095,group,M1_20200629,12,11,1,0.9166666666666666
dfine_s_p2_seed20260930,dfine_s_p2,20260930,nms07_scale095,group,M1_20200715,15,15,0,1.0
dfine_s_p2_seed20260930,dfine_s_p2,20260930,nms07_scale095,group,M1_20200907,11,10,1,0.9090909090909091
dfine_s_p2_seed20260930,dfine_s_p2,20260930,nms07_scale095,group,M2_20200622,18,16,2,0.8888888888888888
dfine_s_p2_seed20260930,dfine_s_p2,20260930,nms07_scale095,group,M2_20200625,18,18,0,1.0
dfine_s_p2_seed20260930,dfine_s_p2,20260930,nms07_scale095,group,M2_20200906,6,6,0,1.0
dfine_s_p2_seed20260930,dfine_s_p2,20260930,nms07_scale095,group,M3_20200629,36,35,1,0.9722222222222222
dfine_s_p2_seed20260930,dfine_s_p2,20260930,nms07_scale095,group,M3_20200727,2,1,1,0.5
dfine_s_p2_seed20260930,dfine_s_p2,20260930,nms07_scale095,group,M3_20200826,6,6,0,1.0
dfine_s_p2_seed20260930,dfine_s_p2,20260930,nms07_scale095,group,M3_20200922,2,2,0,1.0
yolov8s_seed20261001,yolov8s,20261001,native,machine,M1,56,56,0,1.0
yolov8s_seed20261001,yolov8s,20261001,native,machine,M2,42,42,0,1.0
yolov8s_seed20261001,yolov8s,20261001,native,machine,M3,46,39,7,0.8478260869565217
yolov8s_seed20261001,yolov8s,20261001,native,size_bin,12to16,22,22,0,1.0
yolov8s_seed20261001,yolov8s,20261001,native,size_bin,8to12,104,98,6,0.9423076923076923
yolov8s_seed20261001,yolov8s,20261001,native,size_bin,ge16,1,0,1,0.0
yolov8s_seed20261001,yolov8s,20261001,native,size_bin,lt8,17,17,0,1.0
yolov8s_seed20261001,yolov8s,20261001,native,contrast_bin,high,41,39,2,0.9512195121951219
yolov8s_seed20261001,yolov8s,20261001,native,contrast_bin,low,57,53,4,0.9298245614035088
yolov8s_seed20261001,yolov8s,20261001,native,contrast_bin,mid,46,45,1,0.9782608695652174
yolov8s_seed20261001,yolov8s,20261001,native,group,M1_20200622,18,18,0,1.0
yolov8s_seed20261001,yolov8s,20261001,native,group,M1_20200629,12,12,0,1.0
yolov8s_seed20261001,yolov8s,20261001,native,group,M1_20200715,15,15,0,1.0
yolov8s_seed20261001,yolov8s,20261001,native,group,M1_20200907,11,11,0,1.0
yolov8s_seed20261001,yolov8s,20261001,native,group,M2_20200622,18,18,0,1.0
yolov8s_seed20261001,yolov8s,20261001,native,group,M2_20200625,18,18,0,1.0
yolov8s_seed20261001,yolov8s,20261001,native,group,M2_20200906,6,6,0,1.0
yolov8s_seed20261001,yolov8s,20261001,native,group,M3_20200629,36,33,3,0.9166666666666666
yolov8s_seed20261001,yolov8s,20261001,native,group,M3_20200727,2,1,1,0.5
yolov8s_seed20261001,yolov8s,20261001,native,group,M3_20200826,6,5,1,0.8333333333333334
yolov8s_seed20261001,yolov8s,20261001,native,group,M3_20200922,2,0,2,0.0
yolov8s_seed20261001,yolov8s,20261001,nms07,machine,M1,56,56,0,1.0
yolov8s_seed20261001,yolov8s,20261001,nms07,machine,M2,42,42,0,1.0
yolov8s_seed20261001,yolov8s,20261001,nms07,machine,M3,46,39,7,0.8478260869565217
yolov8s_seed20261001,yolov8s,20261001,nms07,size_bin,12to16,22,22,0,1.0
yolov8s_seed20261001,yolov8s,20261001,nms07,size_bin,8to12,104,98,6,0.9423076923076923
yolov8s_seed20261001,yolov8s,20261001,nms07,size_bin,ge16,1,0,1,0.0
yolov8s_seed20261001,yolov8s,20261001,nms07,size_bin,lt8,17,17,0,1.0
yolov8s_seed20261001,yolov8s,20261001,nms07,contrast_bin,high,41,39,2,0.9512195121951219
yolov8s_seed20261001,yolov8s,20261001,nms07,contrast_bin,low,57,53,4,0.9298245614035088
yolov8s_seed20261001,yolov8s,20261001,nms07,contrast_bin,mid,46,45,1,0.9782608695652174
yolov8s_seed20261001,yolov8s,20261001,nms07,group,M1_20200622,18,18,0,1.0
yolov8s_seed20261001,yolov8s,20261001,nms07,group,M1_20200629,12,12,0,1.0
yolov8s_seed20261001,yolov8s,20261001,nms07,group,M1_20200715,15,15,0,1.0
yolov8s_seed20261001,yolov8s,20261001,nms07,group,M1_20200907,11,11,0,1.0
yolov8s_seed20261001,yolov8s,20261001,nms07,group,M2_20200622,18,18,0,1.0
yolov8s_seed20261001,yolov8s,20261001,nms07,group,M2_20200625,18,18,0,1.0
yolov8s_seed20261001,yolov8s,20261001,nms07,group,M2_20200906,6,6,0,1.0
yolov8s_seed20261001,yolov8s,20261001,nms07,group,M3_20200629,36,33,3,0.9166666666666666
yolov8s_seed20261001,yolov8s,20261001,nms07,group,M3_20200727,2,1,1,0.5
yolov8s_seed20261001,yolov8s,20261001,nms07,group,M3_20200826,6,5,1,0.8333333333333334
yolov8s_seed20261001,yolov8s,20261001,nms07,group,M3_20200922,2,0,2,0.0
yolov8s_seed20261001,yolov8s,20261001,nms07_scale095,machine,M1,56,55,1,0.9821428571428571
yolov8s_seed20261001,yolov8s,20261001,nms07_scale095,machine,M2,42,41,1,0.9761904761904762
yolov8s_seed20261001,yolov8s,20261001,nms07_scale095,machine,M3,46,40,6,0.8695652173913043
yolov8s_seed20261001,yolov8s,20261001,nms07_scale095,size_bin,12to16,22,21,1,0.9545454545454546
yolov8s_seed20261001,yolov8s,20261001,nms07_scale095,size_bin,8to12,104,99,5,0.9519230769230769
yolov8s_seed20261001,yolov8s,20261001,nms07_scale095,size_bin,ge16,1,0,1,0.0
yolov8s_seed20261001,yolov8s,20261001,nms07_scale095,size_bin,lt8,17,16,1,0.9411764705882353
yolov8s_seed20261001,yolov8s,20261001,nms07_scale095,contrast_bin,high,41,39,2,0.9512195121951219
yolov8s_seed20261001,yolov8s,20261001,nms07_scale095,contrast_bin,low,57,53,4,0.9298245614035088
yolov8s_seed20261001,yolov8s,20261001,nms07_scale095,contrast_bin,mid,46,44,2,0.9565217391304348
yolov8s_seed20261001,yolov8s,20261001,nms07_scale095,group,M1_20200622,18,17,1,0.9444444444444444
yolov8s_seed20261001,yolov8s,20261001,nms07_scale095,group,M1_20200629,12,12,0,1.0
yolov8s_seed20261001,yolov8s,20261001,nms07_scale095,group,M1_20200715,15,15,0,1.0
yolov8s_seed20261001,yolov8s,20261001,nms07_scale095,group,M1_20200907,11,11,0,1.0
yolov8s_seed20261001,yolov8s,20261001,nms07_scale095,group,M2_20200622,18,17,1,0.9444444444444444
yolov8s_seed20261001,yolov8s,20261001,nms07_scale095,group,M2_20200625,18,18,0,1.0
yolov8s_seed20261001,yolov8s,20261001,nms07_scale095,group,M2_20200906,6,6,0,1.0
yolov8s_seed20261001,yolov8s,20261001,nms07_scale095,group,M3_20200629,36,34,2,0.9444444444444444
yolov8s_seed20261001,yolov8s,20261001,nms07_scale095,group,M3_20200727,2,1,1,0.5
yolov8s_seed20261001,yolov8s,20261001,nms07_scale095,group,M3_20200826,6,5,1,0.8333333333333334
yolov8s_seed20261001,yolov8s,20261001,nms07_scale095,group,M3_20200922,2,0,2,0.0
yolov8s_p2_seed20261001,yolov8s_p2,20261001,native,machine,M1,56,55,1,0.9821428571428571
yolov8s_p2_seed20261001,yolov8s_p2,20261001,native,machine,M2,42,42,0,1.0
yolov8s_p2_seed20261001,yolov8s_p2,20261001,native,machine,M3,46,43,3,0.9347826086956522
yolov8s_p2_seed20261001,yolov8s_p2,20261001,native,size_bin,12to16,22,22,0,1.0
yolov8s_p2_seed20261001,yolov8s_p2,20261001,native,size_bin,8to12,104,102,2,0.9807692307692307
yolov8s_p2_seed20261001,yolov8s_p2,20261001,native,size_bin,ge16,1,0,1,0.0
yolov8s_p2_seed20261001,yolov8s_p2,20261001,native,size_bin,lt8,17,16,1,0.9411764705882353
yolov8s_p2_seed20261001,yolov8s_p2,20261001,native,contrast_bin,high,41,39,2,0.9512195121951219
yolov8s_p2_seed20261001,yolov8s_p2,20261001,native,contrast_bin,low,57,55,2,0.9649122807017544
yolov8s_p2_seed20261001,yolov8s_p2,20261001,native,contrast_bin,mid,46,46,0,1.0
yolov8s_p2_seed20261001,yolov8s_p2,20261001,native,group,M1_20200622,18,17,1,0.9444444444444444
yolov8s_p2_seed20261001,yolov8s_p2,20261001,native,group,M1_20200629,12,12,0,1.0
yolov8s_p2_seed20261001,yolov8s_p2,20261001,native,group,M1_20200715,15,15,0,1.0
yolov8s_p2_seed20261001,yolov8s_p2,20261001,native,group,M1_20200907,11,11,0,1.0
yolov8s_p2_seed20261001,yolov8s_p2,20261001,native,group,M2_20200622,18,18,0,1.0
yolov8s_p2_seed20261001,yolov8s_p2,20261001,native,group,M2_20200625,18,18,0,1.0
yolov8s_p2_seed20261001,yolov8s_p2,20261001,native,group,M2_20200906,6,6,0,1.0
yolov8s_p2_seed20261001,yolov8s_p2,20261001,native,group,M3_20200629,36,35,1,0.9722222222222222
yolov8s_p2_seed20261001,yolov8s_p2,20261001,native,group,M3_20200727,2,2,0,1.0
yolov8s_p2_seed20261001,yolov8s_p2,20261001,native,group,M3_20200826,6,6,0,1.0
yolov8s_p2_seed20261001,yolov8s_p2,20261001,native,group,M3_20200922,2,0,2,0.0
yolov8s_p2_seed20261001,yolov8s_p2,20261001,nms07,machine,M1,56,55,1,0.9821428571428571
yolov8s_p2_seed20261001,yolov8s_p2,20261001,nms07,machine,M2,42,42,0,1.0
yolov8s_p2_seed20261001,yolov8s_p2,20261001,nms07,machine,M3,46,43,3,0.9347826086956522
yolov8s_p2_seed20261001,yolov8s_p2,20261001,nms07,size_bin,12to16,22,22,0,1.0
yolov8s_p2_seed20261001,yolov8s_p2,20261001,nms07,size_bin,8to12,104,102,2,0.9807692307692307
yolov8s_p2_seed20261001,yolov8s_p2,20261001,nms07,size_bin,ge16,1,0,1,0.0
yolov8s_p2_seed20261001,yolov8s_p2,20261001,nms07,size_bin,lt8,17,16,1,0.9411764705882353
yolov8s_p2_seed20261001,yolov8s_p2,20261001,nms07,contrast_bin,high,41,39,2,0.9512195121951219
yolov8s_p2_seed20261001,yolov8s_p2,20261001,nms07,contrast_bin,low,57,55,2,0.9649122807017544
yolov8s_p2_seed20261001,yolov8s_p2,20261001,nms07,contrast_bin,mid,46,46,0,1.0
yolov8s_p2_seed20261001,yolov8s_p2,20261001,nms07,group,M1_20200622,18,17,1,0.9444444444444444
yolov8s_p2_seed20261001,yolov8s_p2,20261001,nms07,group,M1_20200629,12,12,0,1.0
yolov8s_p2_seed20261001,yolov8s_p2,20261001,nms07,group,M1_20200715,15,15,0,1.0
yolov8s_p2_seed20261001,yolov8s_p2,20261001,nms07,group,M1_20200907,11,11,0,1.0
yolov8s_p2_seed20261001,yolov8s_p2,20261001,nms07,group,M2_20200622,18,18,0,1.0
yolov8s_p2_seed20261001,yolov8s_p2,20261001,nms07,group,M2_20200625,18,18,0,1.0
yolov8s_p2_seed20261001,yolov8s_p2,20261001,nms07,group,M2_20200906,6,6,0,1.0
yolov8s_p2_seed20261001,yolov8s_p2,20261001,nms07,group,M3_20200629,36,35,1,0.9722222222222222
yolov8s_p2_seed20261001,yolov8s_p2,20261001,nms07,group,M3_20200727,2,2,0,1.0
yolov8s_p2_seed20261001,yolov8s_p2,20261001,nms07,group,M3_20200826,6,6,0,1.0
yolov8s_p2_seed20261001,yolov8s_p2,20261001,nms07,group,M3_20200922,2,0,2,0.0
yolov8s_p2_seed20261001,yolov8s_p2,20261001,nms07_scale095,machine,M1,56,55,1,0.9821428571428571
yolov8s_p2_seed20261001,yolov8s_p2,20261001,nms07_scale095,machine,M2,42,42,0,1.0
yolov8s_p2_seed20261001,yolov8s_p2,20261001,nms07_scale095,machine,M3,46,42,4,0.9130434782608695
yolov8s_p2_seed20261001,yolov8s_p2,20261001,nms07_scale095,size_bin,12to16,22,21,1,0.9545454545454546
yolov8s_p2_seed20261001,yolov8s_p2,20261001,nms07_scale095,size_bin,8to12,104,102,2,0.9807692307692307
yolov8s_p2_seed20261001,yolov8s_p2,20261001,nms07_scale095,size_bin,ge16,1,0,1,0.0
yolov8s_p2_seed20261001,yolov8s_p2,20261001,nms07_scale095,size_bin,lt8,17,16,1,0.9411764705882353
yolov8s_p2_seed20261001,yolov8s_p2,20261001,nms07_scale095,contrast_bin,high,41,38,3,0.926829268292683
yolov8s_p2_seed20261001,yolov8s_p2,20261001,nms07_scale095,contrast_bin,low,57,55,2,0.9649122807017544
yolov8s_p2_seed20261001,yolov8s_p2,20261001,nms07_scale095,contrast_bin,mid,46,46,0,1.0
yolov8s_p2_seed20261001,yolov8s_p2,20261001,nms07_scale095,group,M1_20200622,18,17,1,0.9444444444444444
yolov8s_p2_seed20261001,yolov8s_p2,20261001,nms07_scale095,group,M1_20200629,12,12,0,1.0
yolov8s_p2_seed20261001,yolov8s_p2,20261001,nms07_scale095,group,M1_20200715,15,15,0,1.0
yolov8s_p2_seed20261001,yolov8s_p2,20261001,nms07_scale095,group,M1_20200907,11,11,0,1.0
yolov8s_p2_seed20261001,yolov8s_p2,20261001,nms07_scale095,group,M2_20200622,18,18,0,1.0
yolov8s_p2_seed20261001,yolov8s_p2,20261001,nms07_scale095,group,M2_20200625,18,18,0,1.0
yolov8s_p2_seed20261001,yolov8s_p2,20261001,nms07_scale095,group,M2_20200906,6,6,0,1.0
yolov8s_p2_seed20261001,yolov8s_p2,20261001,nms07_scale095,group,M3_20200629,36,34,2,0.9444444444444444
yolov8s_p2_seed20261001,yolov8s_p2,20261001,nms07_scale095,group,M3_20200727,2,2,0,1.0
yolov8s_p2_seed20261001,yolov8s_p2,20261001,nms07_scale095,group,M3_20200826,6,6,0,1.0
yolov8s_p2_seed20261001,yolov8s_p2,20261001,nms07_scale095,group,M3_20200922,2,0,2,0.0
dfine_s_seed20261001,dfine_s,20261001,native,machine,M1,56,53,3,0.9464285714285714
dfine_s_seed20261001,dfine_s,20261001,native,machine,M2,42,41,1,0.9761904761904762
dfine_s_seed20261001,dfine_s,20261001,native,machine,M3,46,35,11,0.7608695652173914
dfine_s_seed20261001,dfine_s,20261001,native,size_bin,12to16,22,19,3,0.8636363636363636
dfine_s_seed20261001,dfine_s,20261001,native,size_bin,8to12,104,94,10,0.9038461538461539
dfine_s_seed20261001,dfine_s,20261001,native,size_bin,ge16,1,0,1,0.0
dfine_s_seed20261001,dfine_s,20261001,native,size_bin,lt8,17,16,1,0.9411764705882353
dfine_s_seed20261001,dfine_s,20261001,native,contrast_bin,high,41,37,4,0.9024390243902439
dfine_s_seed20261001,dfine_s,20261001,native,contrast_bin,low,57,51,6,0.8947368421052632
dfine_s_seed20261001,dfine_s,20261001,native,contrast_bin,mid,46,41,5,0.8913043478260869
dfine_s_seed20261001,dfine_s,20261001,native,group,M1_20200622,18,17,1,0.9444444444444444
dfine_s_seed20261001,dfine_s,20261001,native,group,M1_20200629,12,12,0,1.0
dfine_s_seed20261001,dfine_s,20261001,native,group,M1_20200715,15,14,1,0.9333333333333333
dfine_s_seed20261001,dfine_s,20261001,native,group,M1_20200907,11,10,1,0.9090909090909091
dfine_s_seed20261001,dfine_s,20261001,native,group,M2_20200622,18,18,0,1.0
dfine_s_seed20261001,dfine_s,20261001,native,group,M2_20200625,18,18,0,1.0
dfine_s_seed20261001,dfine_s,20261001,native,group,M2_20200906,6,5,1,0.8333333333333334
dfine_s_seed20261001,dfine_s,20261001,native,group,M3_20200629,36,31,5,0.8611111111111112
dfine_s_seed20261001,dfine_s,20261001,native,group,M3_20200727,2,0,2,0.0
dfine_s_seed20261001,dfine_s,20261001,native,group,M3_20200826,6,3,3,0.5
dfine_s_seed20261001,dfine_s,20261001,native,group,M3_20200922,2,1,1,0.5
dfine_s_seed20261001,dfine_s,20261001,nms07,machine,M1,56,55,1,0.9821428571428571
dfine_s_seed20261001,dfine_s,20261001,nms07,machine,M2,42,42,0,1.0
dfine_s_seed20261001,dfine_s,20261001,nms07,machine,M3,46,44,2,0.9565217391304348
dfine_s_seed20261001,dfine_s,20261001,nms07,size_bin,12to16,22,22,0,1.0
dfine_s_seed20261001,dfine_s,20261001,nms07,size_bin,8to12,104,103,1,0.9903846153846154
dfine_s_seed20261001,dfine_s,20261001,nms07,size_bin,ge16,1,0,1,0.0
dfine_s_seed20261001,dfine_s,20261001,nms07,size_bin,lt8,17,16,1,0.9411764705882353
dfine_s_seed20261001,dfine_s,20261001,nms07,contrast_bin,high,41,40,1,0.975609756097561
dfine_s_seed20261001,dfine_s,20261001,nms07,contrast_bin,low,57,55,2,0.9649122807017544
dfine_s_seed20261001,dfine_s,20261001,nms07,contrast_bin,mid,46,46,0,1.0
dfine_s_seed20261001,dfine_s,20261001,nms07,group,M1_20200622,18,17,1,0.9444444444444444
dfine_s_seed20261001,dfine_s,20261001,nms07,group,M1_20200629,12,12,0,1.0
dfine_s_seed20261001,dfine_s,20261001,nms07,group,M1_20200715,15,15,0,1.0
dfine_s_seed20261001,dfine_s,20261001,nms07,group,M1_20200907,11,11,0,1.0
dfine_s_seed20261001,dfine_s,20261001,nms07,group,M2_20200622,18,18,0,1.0
dfine_s_seed20261001,dfine_s,20261001,nms07,group,M2_20200625,18,18,0,1.0
dfine_s_seed20261001,dfine_s,20261001,nms07,group,M2_20200906,6,6,0,1.0
dfine_s_seed20261001,dfine_s,20261001,nms07,group,M3_20200629,36,35,1,0.9722222222222222
dfine_s_seed20261001,dfine_s,20261001,nms07,group,M3_20200727,2,1,1,0.5
dfine_s_seed20261001,dfine_s,20261001,nms07,group,M3_20200826,6,6,0,1.0
dfine_s_seed20261001,dfine_s,20261001,nms07,group,M3_20200922,2,2,0,1.0
dfine_s_seed20261001,dfine_s,20261001,nms07_scale095,machine,M1,56,55,1,0.9821428571428571
dfine_s_seed20261001,dfine_s,20261001,nms07_scale095,machine,M2,42,42,0,1.0
dfine_s_seed20261001,dfine_s,20261001,nms07_scale095,machine,M3,46,43,3,0.9347826086956522
dfine_s_seed20261001,dfine_s,20261001,nms07_scale095,size_bin,12to16,22,21,1,0.9545454545454546
dfine_s_seed20261001,dfine_s,20261001,nms07_scale095,size_bin,8to12,104,102,2,0.9807692307692307
dfine_s_seed20261001,dfine_s,20261001,nms07_scale095,size_bin,ge16,1,0,1,0.0
dfine_s_seed20261001,dfine_s,20261001,nms07_scale095,size_bin,lt8,17,17,0,1.0
dfine_s_seed20261001,dfine_s,20261001,nms07_scale095,contrast_bin,high,41,39,2,0.9512195121951219
dfine_s_seed20261001,dfine_s,20261001,nms07_scale095,contrast_bin,low,57,56,1,0.9824561403508771
dfine_s_seed20261001,dfine_s,20261001,nms07_scale095,contrast_bin,mid,46,45,1,0.9782608695652174
dfine_s_seed20261001,dfine_s,20261001,nms07_scale095,group,M1_20200622,18,18,0,1.0
dfine_s_seed20261001,dfine_s,20261001,nms07_scale095,group,M1_20200629,12,12,0,1.0
dfine_s_seed20261001,dfine_s,20261001,nms07_scale095,group,M1_20200715,15,14,1,0.9333333333333333
dfine_s_seed20261001,dfine_s,20261001,nms07_scale095,group,M1_20200907,11,11,0,1.0
dfine_s_seed20261001,dfine_s,20261001,nms07_scale095,group,M2_20200622,18,18,0,1.0
dfine_s_seed20261001,dfine_s,20261001,nms07_scale095,group,M2_20200625,18,18,0,1.0
dfine_s_seed20261001,dfine_s,20261001,nms07_scale095,group,M2_20200906,6,6,0,1.0
dfine_s_seed20261001,dfine_s,20261001,nms07_scale095,group,M3_20200629,36,34,2,0.9444444444444444
dfine_s_seed20261001,dfine_s,20261001,nms07_scale095,group,M3_20200727,2,1,1,0.5
dfine_s_seed20261001,dfine_s,20261001,nms07_scale095,group,M3_20200826,6,6,0,1.0
dfine_s_seed20261001,dfine_s,20261001,nms07_scale095,group,M3_20200922,2,2,0,1.0
dfine_s_p2_seed20261001,dfine_s_p2,20261001,native,machine,M1,56,45,11,0.8035714285714286
dfine_s_p2_seed20261001,dfine_s_p2,20261001,native,machine,M2,42,39,3,0.9285714285714286
dfine_s_p2_seed20261001,dfine_s_p2,20261001,native,machine,M3,46,33,13,0.717391304347826
dfine_s_p2_seed20261001,dfine_s_p2,20261001,native,size_bin,12to16,22,19,3,0.8636363636363636
dfine_s_p2_seed20261001,dfine_s_p2,20261001,native,size_bin,8to12,104,86,18,0.8269230769230769
dfine_s_p2_seed20261001,dfine_s_p2,20261001,native,size_bin,ge16,1,0,1,0.0
dfine_s_p2_seed20261001,dfine_s_p2,20261001,native,size_bin,lt8,17,12,5,0.7058823529411765
dfine_s_p2_seed20261001,dfine_s_p2,20261001,native,contrast_bin,high,41,37,4,0.9024390243902439
dfine_s_p2_seed20261001,dfine_s_p2,20261001,native,contrast_bin,low,57,44,13,0.7719298245614035
dfine_s_p2_seed20261001,dfine_s_p2,20261001,native,contrast_bin,mid,46,36,10,0.782608695652174
dfine_s_p2_seed20261001,dfine_s_p2,20261001,native,group,M1_20200622,18,15,3,0.8333333333333334
dfine_s_p2_seed20261001,dfine_s_p2,20261001,native,group,M1_20200629,12,12,0,1.0
dfine_s_p2_seed20261001,dfine_s_p2,20261001,native,group,M1_20200715,15,12,3,0.8
dfine_s_p2_seed20261001,dfine_s_p2,20261001,native,group,M1_20200907,11,6,5,0.5454545454545454
dfine_s_p2_seed20261001,dfine_s_p2,20261001,native,group,M2_20200622,18,16,2,0.8888888888888888
dfine_s_p2_seed20261001,dfine_s_p2,20261001,native,group,M2_20200625,18,18,0,1.0
dfine_s_p2_seed20261001,dfine_s_p2,20261001,native,group,M2_20200906,6,5,1,0.8333333333333334
dfine_s_p2_seed20261001,dfine_s_p2,20261001,native,group,M3_20200629,36,31,5,0.8611111111111112
dfine_s_p2_seed20261001,dfine_s_p2,20261001,native,group,M3_20200727,2,0,2,0.0
dfine_s_p2_seed20261001,dfine_s_p2,20261001,native,group,M3_20200826,6,2,4,0.3333333333333333
dfine_s_p2_seed20261001,dfine_s_p2,20261001,native,group,M3_20200922,2,0,2,0.0
dfine_s_p2_seed20261001,dfine_s_p2,20261001,nms07,machine,M1,56,55,1,0.9821428571428571
dfine_s_p2_seed20261001,dfine_s_p2,20261001,nms07,machine,M2,42,42,0,1.0
dfine_s_p2_seed20261001,dfine_s_p2,20261001,nms07,machine,M3,46,43,3,0.9347826086956522
dfine_s_p2_seed20261001,dfine_s_p2,20261001,nms07,size_bin,12to16,22,21,1,0.9545454545454546
dfine_s_p2_seed20261001,dfine_s_p2,20261001,nms07,size_bin,8to12,104,103,1,0.9903846153846154
dfine_s_p2_seed20261001,dfine_s_p2,20261001,nms07,size_bin,ge16,1,0,1,0.0
dfine_s_p2_seed20261001,dfine_s_p2,20261001,nms07,size_bin,lt8,17,16,1,0.9411764705882353
dfine_s_p2_seed20261001,dfine_s_p2,20261001,nms07,contrast_bin,high,41,39,2,0.9512195121951219
dfine_s_p2_seed20261001,dfine_s_p2,20261001,nms07,contrast_bin,low,57,55,2,0.9649122807017544
dfine_s_p2_seed20261001,dfine_s_p2,20261001,nms07,contrast_bin,mid,46,46,0,1.0
dfine_s_p2_seed20261001,dfine_s_p2,20261001,nms07,group,M1_20200622,18,17,1,0.9444444444444444
dfine_s_p2_seed20261001,dfine_s_p2,20261001,nms07,group,M1_20200629,12,12,0,1.0
dfine_s_p2_seed20261001,dfine_s_p2,20261001,nms07,group,M1_20200715,15,15,0,1.0
dfine_s_p2_seed20261001,dfine_s_p2,20261001,nms07,group,M1_20200907,11,11,0,1.0
dfine_s_p2_seed20261001,dfine_s_p2,20261001,nms07,group,M2_20200622,18,18,0,1.0
dfine_s_p2_seed20261001,dfine_s_p2,20261001,nms07,group,M2_20200625,18,18,0,1.0
dfine_s_p2_seed20261001,dfine_s_p2,20261001,nms07,group,M2_20200906,6,6,0,1.0
dfine_s_p2_seed20261001,dfine_s_p2,20261001,nms07,group,M3_20200629,36,34,2,0.9444444444444444
dfine_s_p2_seed20261001,dfine_s_p2,20261001,nms07,group,M3_20200727,2,1,1,0.5
dfine_s_p2_seed20261001,dfine_s_p2,20261001,nms07,group,M3_20200826,6,6,0,1.0
dfine_s_p2_seed20261001,dfine_s_p2,20261001,nms07,group,M3_20200922,2,2,0,1.0
dfine_s_p2_seed20261001,dfine_s_p2,20261001,nms07_scale095,machine,M1,56,56,0,1.0
dfine_s_p2_seed20261001,dfine_s_p2,20261001,nms07_scale095,machine,M2,42,42,0,1.0
dfine_s_p2_seed20261001,dfine_s_p2,20261001,nms07_scale095,machine,M3,46,43,3,0.9347826086956522
dfine_s_p2_seed20261001,dfine_s_p2,20261001,nms07_scale095,size_bin,12to16,22,21,1,0.9545454545454546
dfine_s_p2_seed20261001,dfine_s_p2,20261001,nms07_scale095,size_bin,8to12,104,103,1,0.9903846153846154
dfine_s_p2_seed20261001,dfine_s_p2,20261001,nms07_scale095,size_bin,ge16,1,0,1,0.0
dfine_s_p2_seed20261001,dfine_s_p2,20261001,nms07_scale095,size_bin,lt8,17,17,0,1.0
dfine_s_p2_seed20261001,dfine_s_p2,20261001,nms07_scale095,contrast_bin,high,41,39,2,0.9512195121951219
dfine_s_p2_seed20261001,dfine_s_p2,20261001,nms07_scale095,contrast_bin,low,57,56,1,0.9824561403508771
dfine_s_p2_seed20261001,dfine_s_p2,20261001,nms07_scale095,contrast_bin,mid,46,46,0,1.0
dfine_s_p2_seed20261001,dfine_s_p2,20261001,nms07_scale095,group,M1_20200622,18,18,0,1.0
dfine_s_p2_seed20261001,dfine_s_p2,20261001,nms07_scale095,group,M1_20200629,12,12,0,1.0
dfine_s_p2_seed20261001,dfine_s_p2,20261001,nms07_scale095,group,M1_20200715,15,15,0,1.0
dfine_s_p2_seed20261001,dfine_s_p2,20261001,nms07_scale095,group,M1_20200907,11,11,0,1.0
dfine_s_p2_seed20261001,dfine_s_p2,20261001,nms07_scale095,group,M2_20200622,18,18,0,1.0
dfine_s_p2_seed20261001,dfine_s_p2,20261001,nms07_scale095,group,M2_20200625,18,18,0,1.0
dfine_s_p2_seed20261001,dfine_s_p2,20261001,nms07_scale095,group,M2_20200906,6,6,0,1.0
dfine_s_p2_seed20261001,dfine_s_p2,20261001,nms07_scale095,group,M3_20200629,36,34,2,0.9444444444444444
dfine_s_p2_seed20261001,dfine_s_p2,20261001,nms07_scale095,group,M3_20200727,2,1,1,0.5
dfine_s_p2_seed20261001,dfine_s_p2,20261001,nms07_scale095,group,M3_20200826,6,6,0,1.0
dfine_s_p2_seed20261001,dfine_s_p2,20261001,nms07_scale095,group,M3_20200922,2,2,0,1.0
