gt_id,image_id,stem,machine,date,group,bbox_short_px,size_bin,contrast_proxy,contrast_bin
1,1,002_20200622_203053(2),M1,20200622,M1_20200622,8.000000000000002,8to12,1.5338064893958199,high
2,1,002_20200622_203053(2),M1,20200622,M1_20200622,8.000000000000002,8to12,0.5771672630728385,low
3,1,002_20200622_203053(2),M1,20200622,M1_20200622,7.0,lt8,0.4183108607443145,low
4,2,002_20200622_203057(3),M1,20200622,M1_20200622,7.0,lt8,0.6220452848967405,low
5,2,002_20200622_203057(3),M1,20200622,M1_20200622,8.000000000000002,8to12,1.0100427103774674,mid
6,2,002_20200622_203057(3),M1,20200622,M1_20200622,7.0,lt8,0.34859238395359543,low
7,3,002_20200622_203101(3),M1,20200622,M1_20200622,5.999999999999999,lt8,0.17829549506715797,low
8,3,002_20200622_203101(3),M1,20200622,M1_20200622,7.0,lt8,1.2849223539777526,high
9,3,002_20200622_203101(3),M1,20200622,M1_20200622,7.0,lt8,0.0,low
10,4,002_20200622_203105(4),M1,20200622,M1_20200622,9.0,8to12,0.735180597113681,mid
11,4,002_20200622_203105(4),M1,20200622,M1_20200622,7.0,lt8,1.1013620176952164,high
12,4,002_20200622_203105(4),M1,20200622,M1_20200622,6.0,lt8,0.6554296887801362,mid
13,5,002_20200622_203109(3),M1,20200622,M1_20200622,8.000000000000002,8to12,1.7829549506715796,high
14,5,002_20200622_203109(3),M1,20200622,M1_20200622,6.0,lt8,0.6063300860988722,low
15,5,002_20200622_203109(3),M1,20200622,M1_20200622,8.000000000000002,8to12,0.10105501434981204,low
16,6,002_20200622_203121(4),M1,20200622,M1_20200622,10.0,8to12,0.6971847679071909,mid
17,6,002_20200622_203121(4),M1,20200622,M1_20200622,7.0,lt8,0.09178016814126803,low
18,6,002_20200622_203121(4),M1,20200622,M1_20200622,10.0,8to12,0.5273241813292086,low
19,7,002_20200629_082630(7),M1,20200629,M1_20200629,11.0,8to12,1.2637432073802604,high
20,7,002_20200629_082630(7),M1,20200629,M1_20200629,9.0,8to12,1.0610776506730264,high
21,7,002_20200629_082630(7),M1,20200629,M1_20200629,8.000000000000002,8to12,1.3137151865475565,high
22,8,002_20200629_082639(2),M1,20200629,M1_20200629,9.0,8to12,1.3996018910176662,high
23,8,002_20200629_082639(2),M1,20200629,M1_20200629,6.999999999999999,lt8,1.7315017892185156,high
24,8,002_20200629_082639(2),M1,20200629,M1_20200629,8.000000000000002,8to12,1.7829549506715796,high
25,9,002_20200629_082642(2),M1,20200629,M1_20200629,9.0,8to12,0.966760999103549,mid
26,9,002_20200629_082642(2),M1,20200629,M1_20200629,10.0,8to12,0.8320456436467372,mid
27,9,002_20200629_082642(2),M1,20200629,M1_20200629,10.0,8to12,0.7030989084389446,mid
28,10,002_20200629_082645(4),M1,20200629,M1_20200629,10.0,8to12,1.4384797213237124,high
29,10,002_20200629_082645(4),M1,20200629,M1_20200629,5.999999999999999,lt8,0.28858363153641925,low
30,10,002_20200629_082645(4),M1,20200629,M1_20200629,8.000000000000002,8to12,0.7073851004486843,mid
31,11,002_20200715_002443(4),M1,20200715,M1_20200715,8.000000000000002,8to12,2.020085420754935,high
32,11,002_20200715_002443(4),M1,20200715,M1_20200715,9.0,8to12,0.7131819802686319,mid
33,11,002_20200715_002443(4),M1,20200715,M1_20200715,9.0,8to12,0.9094951291483083,mid
34,12,002_20200715_002447(9),M1,20200715,M1_20200715,8.000000000000002,8to12,1.1425357262132851,high
35,12,002_20200715_002447(9),M1,20200715,M1_20200715,8.000000000000002,8to12,0.7131819802686319,mid
36,12,002_20200715_002447(9),M1,20200715,M1_20200715,10.0,8to12,0.8788736355486808,mid
37,13,002_20200715_002456(9),M1,20200715,M1_20200715,10.0,8to12,1.3269303677492734,high
38,13,002_20200715_002456(9),M1,20200715,M1_20200715,11.0,8to12,0.8931173556205286,mid
39,13,002_20200715_002456(9),M1,20200715,M1_20200715,8.000000000000002,8to12,0.8589676219734024,mid
40,14,002_20200715_002509(0),M1,20200715,M1_20200715,8.000000000000002,8to12,1.0427936441727388,mid
41,14,002_20200715_002509(0),M1,20200715,M1_20200715,6.999999999999999,lt8,0.8260215132714123,mid
42,14,002_20200715_002509(0),M1,20200715,M1_20200715,5.999999999999999,lt8,0.0,low
43,15,002_20200715_002513(4),M1,20200715,M1_20200715,7.0,lt8,0.7030989084389446,mid
44,15,002_20200715_002513(4),M1,20200715,M1_20200715,9.0,8to12,0.3607295394205241,low
45,15,002_20200715_002513(4),M1,20200715,M1_20200715,8.000000000000002,8to12,0.29715915844526325,low
46,16,002_20200907_184813(1),M1,20200907,M1_20200907,6.999999999999999,lt8,0.4328754473046289,low
47,17,002_20200907_184815(7),M1,20200907,M1_20200907,8.999999999999998,8to12,0.06517460276079617,low
48,18,002_20200907_184818(2),M1,20200907,M1_20200907,8.0,8to12,0.40422005739924816,low
49,19,002_20200907_184823(7),M1,20200907,M1_20200907,8.0,8to12,0.07775566061209256,low
50,20,002_20200907_184826(3),M1,20200907,M1_20200907,6.999999999999999,lt8,0.5506810088476082,low
51,21,002_20200907_184828(8),M1,20200907,M1_20200907,9.999999999999998,8to12,0.4562222193255732,low
52,22,002_20200907_204635(5),M1,20200907,M1_20200907,9.999999999999998,8to12,0.8192871109751703,mid
53,23,002_20200907_204640(0),M1,20200907,M1_20200907,9.999999999999998,8to12,0.4665339636725554,low
54,24,002_20200907_204644(5),M1,20200907,M1_20200907,10.000000000000002,8to12,0.3515494542194723,low
55,25,002_20200907_204649(0),M1,20200907,M1_20200907,9.999999999999998,8to12,1.4990158634983122,high
56,26,002_20200907_204653(4),M1,20200907,M1_20200907,10.000000000000002,8to12,1.3631791217365963,high
57,27,002_20200622_203136(3),M2,20200622,M2_20200622,13.999999999999998,12to16,0.8846202451661823,mid
58,27,002_20200622_203136(3),M2,20200622,M2_20200622,12.999999999999998,12to16,0.798245987483503,mid
59,27,002_20200622_203136(3),M2,20200622,M2_20200622,12.999999999999998,12to16,0.7582459244281563,mid
60,28,002_20200622_203140(8),M2,20200622,M2_20200622,12.999999999999998,12to16,1.3614423037254013,high
61,28,002_20200622_203140(8),M2,20200622,M2_20200622,13.0,12to16,0.8088464693851612,mid
62,28,002_20200622_203140(8),M2,20200622,M2_20200622,13.999999999999998,12to16,2.021409361761966,high
63,29,002_20200622_203145(3),M2,20200622,M2_20200622,9.0,8to12,0.8788736355486808,mid
64,29,002_20200622_203145(3),M2,20200622,M2_20200622,8.999999999999998,8to12,0.4369531258534241,low
65,29,002_20200622_203145(3),M2,20200622,M2_20200622,9.999999999999998,8to12,0.7838607203267463,mid
66,30,002_20200622_203149(8),M2,20200622,M2_20200622,9.0,8to12,0.8084401147984963,mid
67,30,002_20200622_203149(8),M2,20200622,M2_20200622,9.0,8to12,0.2636620906646043,low
68,30,002_20200622_203149(8),M2,20200622,M2_20200622,8.0,8to12,0.7131819802686319,mid
69,31,002_20200622_203154(3),M2,20200622,M2_20200622,9.999999999999998,8to12,1.0610776506730264,high
70,31,002_20200622_203154(3),M2,20200622,M2_20200622,8.999999999999998,8to12,0.40422005739924816,low
71,31,002_20200622_203154(3),M2,20200622,M2_20200622,9.999999999999998,8to12,0.40422005739924816,low
72,32,002_20200622_203158(8),M2,20200622,M2_20200622,9.999999999999998,8to12,1.054648362658417,mid
73,32,002_20200622_203158(8),M2,20200622,M2_20200622,10.000000000000002,8to12,0.35659099013431594,low
74,32,002_20200622_203158(8),M2,20200622,M2_20200622,9.999999999999998,8to12,0.7775566061209257,mid
75,33,002_20200625_003352(9),M2,20200625,M2_20200625,8.999999999999998,8to12,1.2005560470112475,high
76,33,002_20200625_003352(9),M2,20200625,M2_20200625,8.0,8to12,0.18356033628253607,low
77,33,002_20200625_003352(9),M2,20200625,M2_20200625,9.0,8to12,1.0610776506730264,high
78,34,002_20200625_003357(4),M2,20200625,M2_20200625,8.999999999999998,8to12,1.2304230897681532,high
79,34,002_20200625_003357(4),M2,20200625,M2_20200625,9.0,8to12,0.2377273267562106,low
80,34,002_20200625_003357(4),M2,20200625,M2_20200625,8.999999999999998,8to12,1.6593558813344107,high
81,35,002_20200625_003401(8),M2,20200625,M2_20200625,9.0,8to12,1.4061978168778893,high
82,35,002_20200625_003401(8),M2,20200625,M2_20200625,11.0,8to12,0.37604941289285415,low
83,35,002_20200625_003401(8),M2,20200625,M2_20200625,9.999999999999998,8to12,1.0377636739018823,mid
84,36,002_20200625_003406(3),M2,20200625,M2_20200625,9.0,8to12,1.4439539584966379,high
85,36,002_20200625_003406(3),M2,20200625,M2_20200625,9.0,8to12,1.1013620176952164,high
86,36,002_20200625_003406(3),M2,20200625,M2_20200625,10.000000000000002,8to12,0.8788736355486808,mid
87,37,002_20200625_003410(8),M2,20200625,M2_20200625,10.000000000000002,8to12,1.2549325822329433,high
88,37,002_20200625_003410(8),M2,20200625,M2_20200625,9.0,8to12,0.9378968024933626,mid
89,37,002_20200625_003410(8),M2,20200625,M2_20200625,10.000000000000002,8to12,1.1274570788753422,high
90,38,002_20200625_003415(4),M2,20200625,M2_20200625,8.999999999999998,8to12,1.4429181576820964,high
91,38,002_20200625_003415(4),M2,20200625,M2_20200625,9.0,8to12,0.5943183168905265,low
92,38,002_20200625_003415(4),M2,20200625,M2_20200625,9.999999999999998,8to12,1.2304230897681532,high
93,39,002_20200906_003114(0),M2,20200906,M2_20200906,10.000000000000002,8to12,0.7579126076235903,mid
94,40,002_20200906_003117(3),M2,20200906,M2_20200906,11.0,8to12,0.5558025789239662,low
95,41,002_20200906_003120(8),M2,20200906,M2_20200906,9.0,8to12,0.9178016814126804,mid
96,42,002_20200906_003124(0),M2,20200906,M2_20200906,9.0,8to12,0.8657508946092578,mid
97,43,002_20200906_003127(3),M2,20200906,M2_20200906,8.999999999999998,8to12,0.4394368177743404,low
98,44,002_20200906_003130(7),M2,20200906,M2_20200906,10.000000000000002,8to12,0.4754546535124212,low
99,45,001_20200629_082825(1),M3,20200629,M3_20200629,11.0,8to12,1.587209973450306,high
100,45,001_20200629_082825(1),M3,20200629,M3_20200629,12.0,12to16,0.8320456436467372,mid
101,45,001_20200629_082825(1),M3,20200629,M3_20200629,13.999999999999996,12to16,0.6063300860988722,low
102,46,001_20200629_082828(0),M3,20200629,M3_20200629,15.0,12to16,1.1663349091813884,high
103,46,001_20200629_082828(0),M3,20200629,M3_20200629,12.0,12to16,0.7214590788410482,mid
104,46,001_20200629_082828(0),M3,20200629,M3_20200629,12.0,12to16,0.35659099013431594,low
105,47,001_20200629_082831(0),M3,20200629,M3_20200629,12.0,12to16,0.35659099013431594,low
106,47,001_20200629_082831(0),M3,20200629,M3_20200629,12.0,12to16,0.7131819802686319,mid
107,47,001_20200629_082831(0),M3,20200629,M3_20200629,9.999999999999998,8to12,0.9509093070248424,mid
108,48,001_20200629_082834(2),M3,20200629,M3_20200629,11.0,8to12,1.2986263419138866,high
109,48,001_20200629_082834(2),M3,20200629,M3_20200629,13.999999999999996,12to16,0.5052750717490602,low
110,48,001_20200629_082834(2),M3,20200629,M3_20200629,18.0,ge16,2.2850714524265703,high
111,49,001_20200629_082837(2),M3,20200629,M3_20200629,12.0,12to16,0.8788736355486808,mid
112,49,001_20200629_082837(2),M3,20200629,M3_20200629,13.999999999999996,12to16,0.3515494542194723,low
113,49,001_20200629_082837(2),M3,20200629,M3_20200629,13.999999999999996,12to16,0.6063300860988722,low
114,50,001_20200629_082840(2),M3,20200629,M3_20200629,13.999999999999996,12to16,1.244090569793481,high
115,50,001_20200629_082840(2),M3,20200629,M3_20200629,11.999999999999998,8to12,0.6063300860988722,low
116,50,001_20200629_082840(2),M3,20200629,M3_20200629,11.0,8to12,0.35659099013431594,low
117,51,001_20200629_082905(4),M3,20200629,M3_20200629,13.999999999999996,12to16,0.9094951291483083,mid
118,51,001_20200629_082905(4),M3,20200629,M3_20200629,11.0,8to12,0.4754546535124212,low
119,51,001_20200629_082905(4),M3,20200629,M3_20200629,10.0,8to12,0.2526375358745301,low
120,52,001_20200629_123107(1),M3,20200629,M3_20200629,11.0,8to12,1.2480684654701057,high
121,52,001_20200629_123107(1),M3,20200629,M3_20200629,11.0,8to12,0.2377273267562106,low
122,52,001_20200629_123107(1),M3,20200629,M3_20200629,8.0,8to12,0.5943183168905265,low
123,53,001_20200629_123111(6),M3,20200629,M3_20200629,9.999999999999998,8to12,1.2986263419138866,high
124,53,001_20200629_123111(6),M3,20200629,M3_20200629,9.0,8to12,0.28858363153641925,low
125,53,001_20200629_123111(6),M3,20200629,M3_20200629,11.0,8to12,0.7131819802686319,mid
126,54,001_20200629_123116(1),M3,20200629,M3_20200629,15.0,12to16,1.2304230897681532,high
127,54,001_20200629_123116(1),M3,20200629,M3_20200629,11.0,8to12,0.2377273267562106,low
128,54,001_20200629_123116(1),M3,20200629,M3_20200629,11.0,8to12,0.5881444776909448,low
129,55,001_20200629_123120(6),M3,20200629,M3_20200629,12.999999999999998,12to16,1.1116051578479325,high
130,55,001_20200629_123120(6),M3,20200629,M3_20200629,15.0,12to16,0.6063300860988722,low
131,55,001_20200629_123120(6),M3,20200629,M3_20200629,9.0,8to12,0.6063300860988722,low
132,56,001_20200629_123125(2),M3,20200629,M3_20200629,11.0,8to12,1.2126601721977444,high
133,56,001_20200629_123125(2),M3,20200629,M3_20200629,11.999999999999998,8to12,0.544289624284648,low
134,56,001_20200629_123125(2),M3,20200629,M3_20200629,11.0,8to12,0.4665339636725554,low
135,57,001_20200727_204954(7),M3,20200727,M3_20200727,8.0,8to12,0.4754546535124212,low
136,58,001_20200727_204958(2),M3,20200727,M3_20200727,8.0,8to12,0.4039359519154643,low
137,59,001_20200826_023328(3),M3,20200826,M3_20200826,9.999999999999998,8to12,1.0100427103774674,mid
138,60,001_20200826_023332(5),M3,20200826,M3_20200826,11.0,8to12,1.0105501434981203,mid
139,61,001_20200826_043252(8),M3,20200826,M3_20200826,11.0,8to12,0.8657508946092578,mid
140,62,001_20200826_043255(8),M3,20200826,M3_20200826,11.999999999999998,8to12,0.5771672630728385,low
141,63,001_20200826_123711(3),M3,20200826,M3_20200826,9.0,8to12,0.6517460276079617,mid
142,64,001_20200826_123714(5),M3,20200826,M3_20200826,9.999999999999998,8to12,0.9509093070248424,mid
143,65,001_20200922_163332(2),M3,20200922,M3_20200922,9.0,8to12,0.5771672630728385,low
144,66,001_20200922_163335(3),M3,20200922,M3_20200922,9.999999999999998,8to12,1.2986263419138866,high
