family,setting,seed,delta_AP,delta_AP75,delta_TP_FP6
yolov8s,native,20260929,-0.35391708603211214,2.7198763819403844,0
yolov8s,native,20260930,-0.43400283765018344,4.755699411972618,2
yolov8s,native,20261001,1.9854094603188486,-2.1674733066024707,3
yolov8s,nms07,20260929,-0.35391708603211214,2.7198763819403844,0
yolov8s,nms07,20260930,-0.43400283765018344,4.755699411972618,2
yolov8s,nms07,20261001,1.9854094603188486,-2.1674733066024707,3
yolov8s,nms07_scale095,20260929,-1.5272484592260724,0.8499480974305982,6
yolov8s,nms07_scale095,20260930,-1.4906141073114156,3.9262293237148675,-18
yolov8s,nms07_scale095,20261001,1.1534351821808144,-2.9536705950468285,3
dfine_s,native,20260929,-2.1917044550739604,-2.2699016056907766,-23
dfine_s,native,20260930,1.1237292572034647,3.6941955739129426,-12
dfine_s,native,20261001,0.906565764637449,2.1999251158283393,-12
dfine_s,nms07,20260929,-1.6882311709849205,-1.576091978549922,-1
dfine_s,nms07,20260930,1.7676697585830325,3.522730356228232,-4
dfine_s,nms07,20261001,1.2728637284719184,3.2958741386258588,-1
dfine_s,nms07_scale095,20260929,-1.2653298388140044,-0.9207462742461665,-2
dfine_s,nms07_scale095,20260930,2.0160599536172015,4.1174550515916515,-3
dfine_s,nms07_scale095,20261001,1.9773134166172852,4.482727184341947,1
