run,variant,stage,floor,coverage50,coverage75
dfine_s_seed20260929,dfine_s,encoder_all_counterfactual,0,88,6
dfine_s_seed20260929,dfine_s,topk,0,56,5
dfine_s_seed20260929,dfine_s,pre_bbox,0,136,83
dfine_s_seed20260929,dfine_s,decoder_1,0,136,81
dfine_s_seed20260929,dfine_s,decoder_2,0,144,90
dfine_s_seed20260929,dfine_s,decoder_3,0,143,97
dfine_s_seed20260929,dfine_s,final_nms07,0,142,58
dfine_s_seed20260929,dfine_s,encoder_all_counterfactual,0.001,88,6
dfine_s_seed20260929,dfine_s,topk,0.001,56,5
dfine_s_seed20260929,dfine_s,pre_bbox,0.001,136,83
dfine_s_seed20260929,dfine_s,decoder_1,0.001,136,81
dfine_s_seed20260929,dfine_s,decoder_2,0.001,144,90
dfine_s_seed20260929,dfine_s,decoder_3,0.001,143,97
dfine_s_seed20260929,dfine_s,final_nms07,0.001,142,58
dfine_s_seed20260929,dfine_s,encoder_all_counterfactual,0.05,60,5
dfine_s_seed20260929,dfine_s,topk,0.05,56,5
dfine_s_seed20260929,dfine_s,pre_bbox,0.05,136,81
dfine_s_seed20260929,dfine_s,decoder_1,0.05,136,80
dfine_s_seed20260929,dfine_s,decoder_2,0.05,144,64
dfine_s_seed20260929,dfine_s,decoder_3,0.05,141,67
dfine_s_seed20260929,dfine_s,final_nms07,0.05,141,52
dfine_s_p2_seed20260929,dfine_s_p2,encoder_all_counterfactual,0,137,27
dfine_s_p2_seed20260929,dfine_s_p2,topk,0,16,0
dfine_s_p2_seed20260929,dfine_s_p2,pre_bbox,0,138,63
dfine_s_p2_seed20260929,dfine_s_p2,decoder_1,0,137,60
dfine_s_p2_seed20260929,dfine_s_p2,decoder_2,0,142,83
dfine_s_p2_seed20260929,dfine_s_p2,decoder_3,0,143,82
dfine_s_p2_seed20260929,dfine_s_p2,final_nms07,0,143,52
dfine_s_p2_seed20260929,dfine_s_p2,encoder_all_counterfactual,0.001,137,27
dfine_s_p2_seed20260929,dfine_s_p2,topk,0.001,16,0
dfine_s_p2_seed20260929,dfine_s_p2,pre_bbox,0.001,138,63
dfine_s_p2_seed20260929,dfine_s_p2,decoder_1,0.001,137,60
dfine_s_p2_seed20260929,dfine_s_p2,decoder_2,0.001,142,83
dfine_s_p2_seed20260929,dfine_s_p2,decoder_3,0.001,143,82
dfine_s_p2_seed20260929,dfine_s_p2,final_nms07,0.001,143,52
dfine_s_p2_seed20260929,dfine_s_p2,encoder_all_counterfactual,0.05,21,0
dfine_s_p2_seed20260929,dfine_s_p2,topk,0.05,13,0
dfine_s_p2_seed20260929,dfine_s_p2,pre_bbox,0.05,138,63
dfine_s_p2_seed20260929,dfine_s_p2,decoder_1,0.05,137,60
dfine_s_p2_seed20260929,dfine_s_p2,decoder_2,0.05,142,80
dfine_s_p2_seed20260929,dfine_s_p2,decoder_3,0.05,143,77
dfine_s_p2_seed20260929,dfine_s_p2,final_nms07,0.05,143,52
dfine_s_seed20260930,dfine_s,encoder_all_counterfactual,0,128,23
dfine_s_seed20260930,dfine_s,topk,0,96,15
dfine_s_seed20260930,dfine_s,pre_bbox,0,142,101
dfine_s_seed20260930,dfine_s,decoder_1,0,142,95
dfine_s_seed20260930,dfine_s,decoder_2,0,143,116
dfine_s_seed20260930,dfine_s,decoder_3,0,143,115
dfine_s_seed20260930,dfine_s,final_nms07,0,143,71
dfine_s_seed20260930,dfine_s,encoder_all_counterfactual,0.001,128,23
dfine_s_seed20260930,dfine_s,topk,0.001,96,15
dfine_s_seed20260930,dfine_s,pre_bbox,0.001,142,101
dfine_s_seed20260930,dfine_s,decoder_1,0.001,142,95
dfine_s_seed20260930,dfine_s,decoder_2,0.001,143,116
dfine_s_seed20260930,dfine_s,decoder_3,0.001,143,115
dfine_s_seed20260930,dfine_s,final_nms07,0.001,143,71
dfine_s_seed20260930,dfine_s,encoder_all_counterfactual,0.05,102,15
dfine_s_seed20260930,dfine_s,topk,0.05,96,15
dfine_s_seed20260930,dfine_s,pre_bbox,0.05,142,98
dfine_s_seed20260930,dfine_s,decoder_1,0.05,142,95
dfine_s_seed20260930,dfine_s,decoder_2,0.05,142,69
dfine_s_seed20260930,dfine_s,decoder_3,0.05,143,64
dfine_s_seed20260930,dfine_s,final_nms07,0.05,142,52
dfine_s_p2_seed20260930,dfine_s_p2,encoder_all_counterfactual,0,133,14
dfine_s_p2_seed20260930,dfine_s_p2,topk,0,6,1
dfine_s_p2_seed20260930,dfine_s_p2,pre_bbox,0,126,63
dfine_s_p2_seed20260930,dfine_s_p2,decoder_1,0,128,61
dfine_s_p2_seed20260930,dfine_s_p2,decoder_2,0,143,98
dfine_s_p2_seed20260930,dfine_s_p2,decoder_3,0,143,109
dfine_s_p2_seed20260930,dfine_s_p2,final_nms07,0,142,69
dfine_s_p2_seed20260930,dfine_s_p2,encoder_all_counterfactual,0.001,133,14
dfine_s_p2_seed20260930,dfine_s_p2,topk,0.001,6,1
dfine_s_p2_seed20260930,dfine_s_p2,pre_bbox,0.001,126,63
dfine_s_p2_seed20260930,dfine_s_p2,decoder_1,0.001,128,61
dfine_s_p2_seed20260930,dfine_s_p2,decoder_2,0.001,143,98
dfine_s_p2_seed20260930,dfine_s_p2,decoder_3,0.001,143,109
dfine_s_p2_seed20260930,dfine_s_p2,final_nms07,0.001,142,69
dfine_s_p2_seed20260930,dfine_s_p2,encoder_all_counterfactual,0.05,17,1
dfine_s_p2_seed20260930,dfine_s_p2,topk,0.05,6,1
dfine_s_p2_seed20260930,dfine_s_p2,pre_bbox,0.05,126,63
dfine_s_p2_seed20260930,dfine_s_p2,decoder_1,0.05,128,61
dfine_s_p2_seed20260930,dfine_s_p2,decoder_2,0.05,143,90
dfine_s_p2_seed20260930,dfine_s_p2,decoder_3,0.05,142,101
dfine_s_p2_seed20260930,dfine_s_p2,final_nms07,0.05,141,66
dfine_s_seed20261001,dfine_s,encoder_all_counterfactual,0,121,28
dfine_s_seed20261001,dfine_s,topk,0,39,1
dfine_s_seed20261001,dfine_s,pre_bbox,0,139,78
dfine_s_seed20261001,dfine_s,decoder_1,0,140,77
dfine_s_seed20261001,dfine_s,decoder_2,0,144,97
dfine_s_seed20261001,dfine_s,decoder_3,0,143,90
dfine_s_seed20261001,dfine_s,final_nms07,0,143,65
dfine_s_seed20261001,dfine_s,encoder_all_counterfactual,0.001,121,28
dfine_s_seed20261001,dfine_s,topk,0.001,39,1
dfine_s_seed20261001,dfine_s,pre_bbox,0.001,139,78
dfine_s_seed20261001,dfine_s,decoder_1,0.001,140,77
dfine_s_seed20261001,dfine_s,decoder_2,0.001,144,97
dfine_s_seed20261001,dfine_s,decoder_3,0.001,143,90
dfine_s_seed20261001,dfine_s,final_nms07,0.001,143,65
dfine_s_seed20261001,dfine_s,encoder_all_counterfactual,0.05,80,8
dfine_s_seed20261001,dfine_s,topk,0.05,39,1
dfine_s_seed20261001,dfine_s,pre_bbox,0.05,139,78
dfine_s_seed20261001,dfine_s,decoder_1,0.05,140,76
dfine_s_seed20261001,dfine_s,decoder_2,0.05,144,90
dfine_s_seed20261001,dfine_s,decoder_3,0.05,143,86
dfine_s_seed20261001,dfine_s,final_nms07,0.05,143,64
dfine_s_p2_seed20261001,dfine_s_p2,encoder_all_counterfactual,0,137,25
dfine_s_p2_seed20261001,dfine_s_p2,topk,0,97,10
dfine_s_p2_seed20261001,dfine_s_p2,pre_bbox,0,143,91
dfine_s_p2_seed20261001,dfine_s_p2,decoder_1,0,143,91
dfine_s_p2_seed20261001,dfine_s_p2,decoder_2,0,143,102
dfine_s_p2_seed20261001,dfine_s_p2,decoder_3,0,144,95
dfine_s_p2_seed20261001,dfine_s_p2,final_nms07,0,143,69
dfine_s_p2_seed20261001,dfine_s_p2,encoder_all_counterfactual,0.001,137,25
dfine_s_p2_seed20261001,dfine_s_p2,topk,0.001,97,10
dfine_s_p2_seed20261001,dfine_s_p2,pre_bbox,0.001,143,91
dfine_s_p2_seed20261001,dfine_s_p2,decoder_1,0.001,143,91
dfine_s_p2_seed20261001,dfine_s_p2,decoder_2,0.001,143,102
dfine_s_p2_seed20261001,dfine_s_p2,decoder_3,0.001,144,95
dfine_s_p2_seed20261001,dfine_s_p2,final_nms07,0.001,143,69
dfine_s_p2_seed20261001,dfine_s_p2,encoder_all_counterfactual,0.05,101,10
dfine_s_p2_seed20261001,dfine_s_p2,topk,0.05,97,10
dfine_s_p2_seed20261001,dfine_s_p2,pre_bbox,0.05,143,88
dfine_s_p2_seed20261001,dfine_s_p2,decoder_1,0.05,143,90
dfine_s_p2_seed20261001,dfine_s_p2,decoder_2,0.05,142,67
dfine_s_p2_seed20261001,dfine_s_p2,decoder_3,0.05,141,60
dfine_s_p2_seed20261001,dfine_s_p2,final_nms07,0.05,140,58
