name,gt_id,image_id,stem,date,machine,short_px,size_bin,contrast_proxy,mask_overlap,object_count,contrast_bin
dfine_M_seed20260929,12,92,001_20200629_082834(2),20200629,3호기,18.0,ge16,2.2850714524265703,False,3,high
dfine_M_seed20260930,12,92,001_20200629_082834(2),20200629,3호기,18.0,ge16,2.2850714524265703,False,3,high
dfine_M_seed20260930,16,94,001_20200629_082840(2),20200629,3호기,13.999999999999998,12to16,1.1852141054422243,True,3,high
dfine_M_seed20261001,12,92,001_20200629_082834(2),20200629,3호기,18.0,ge16,2.2850714524265703,False,3,high
dfine_M_seed20261001,113,361,002_20200629_163711(8),20200629,2호기,6.0,lt8,0.9094951291483083,False,3,mid
dfine_s_seed20260930,12,92,001_20200629_082834(2),20200629,3호기,18.0,ge16,2.2850714524265703,False,3,high
dfine_s_seed20260930,88,353,002_20200629_123456(0),20200629,2호기,7.0,lt8,0.36712067256507214,False,3,low
dfine_s_seed20260930,89,353,002_20200629_123456(0),20200629,2호기,6.999999999999999,lt8,1.0100427103774674,False,3,mid
dfine_s_seed20260930,100,357,002_20200629_163659(7),20200629,2호기,6.999999999999999,lt8,0.8657508946092578,False,3,mid
dfine_s_seed20260930,113,361,002_20200629_163711(8),20200629,2호기,6.0,lt8,0.9094951291483083,False,3,mid
dfine_s_seed20260930,134,492,002_20200907_184818(2),20200907,1호기,8.0,8to12,0.40422005739924816,False,1,low
dfine_s_seed20261001,3,89,001_20200629_082825(1),20200629,3호기,13.999999999999998,12to16,0.7131819802686319,False,3,mid
dfine_s_seed20261001,12,92,001_20200629_082834(2),20200629,3호기,18.0,ge16,2.2850714524265703,False,3,high
dfine_s_seed20261001,100,357,002_20200629_163659(7),20200629,2호기,6.999999999999999,lt8,0.8657508946092578,False,3,mid
dfine_s_seed20261001,113,361,002_20200629_163711(8),20200629,2호기,6.0,lt8,0.9094951291483083,False,3,mid
dfine_s_seed20261001,135,493,002_20200907_184823(7),20200907,1호기,8.0,8to12,0.07775566061209256,False,1,low
dfine_s_seed20261001,136,494,002_20200907_184826(3),20200907,1호기,6.999999999999999,lt8,0.5506810088476082,False,1,low
dfine_s_seed20261001,137,495,002_20200907_184828(8),20200907,1호기,10.0,8to12,0.4328754473046289,False,1,low
dfine_s,12,92,001_20200629_082834(2),20200629,3호기,18.0,ge16,2.2850714524265703,False,3,high
dfine_s,16,94,001_20200629_082840(2),20200629,3호기,13.999999999999998,12to16,1.1852141054422243,True,3,high
dfine_s,88,353,002_20200629_123456(0),20200629,2호기,7.0,lt8,0.36712067256507214,False,3,low
dfine_s,95,355,002_20200629_123505(0),20200629,2호기,7.0,lt8,1.2986263419138866,False,3,high
dfine_s,113,361,002_20200629_163711(8),20200629,2호기,6.0,lt8,0.9094951291483083,False,3,mid
