name,variant,seed,epochs,calls,changed_fraction,clipped_coordinates,jitter_coordinates,finite_epoch_logs,checkpoint_hash_ok,best_epoch
mal_seed20260929,mal,20260929,30,1320,,0,0,True,True,10
cx_l1half_seed20260929,cx_l1half,20260929,30,1320,,0,0,True,True,5
edge_seed20260929,edge,20260929,30,1320,,0,0,True,True,5
edge_half_seed20260929,edge_half,20260929,30,1320,,0,0,True,True,7
soft05_seed20260929,soft05,20260929,30,1320,,0,0,True,True,3
soft10_seed20260929,soft10,20260929,30,1320,,0,0,True,True,3
soft20_seed20260929,soft20,20260929,30,1320,,0,0,True,True,6
hard10_seed20260929,hard10,20260929,30,1320,,0,0,True,True,6
fgl05_seed20260929,fgl05,20260929,30,1320,0.9968772449739932,0,16453420,True,True,3
fgl10_seed20260929,fgl10,20260929,30,1320,0.9983741854166108,0,16407160,True,True,6
jitter10_seed20260929,jitter10,20260929,30,1320,0.6657218447536195,0,3283864,True,True,7
soft_fgl10_seed20260929,soft_fgl10,20260929,30,1320,0.9983819659754748,0,16371720,True,True,3
mal_seed20260930,mal,20260930,30,1320,,0,0,True,True,7
cx_l1half_seed20260930,cx_l1half,20260930,30,1320,,0,0,True,True,5
edge_seed20260930,edge,20260930,30,1320,,0,0,True,True,7
edge_half_seed20260930,edge_half,20260930,30,1320,,0,0,True,True,3
soft05_seed20260930,soft05,20260930,30,1320,,0,0,True,True,5
soft10_seed20260930,soft10,20260930,30,1320,,0,0,True,True,4
soft20_seed20260930,soft20,20260930,30,1320,,0,0,True,True,7
hard10_seed20260930,hard10,20260930,30,1320,,0,0,True,True,13
fgl05_seed20260930,fgl05,20260930,30,1320,0.996778513269673,0,16548260,True,True,5
fgl10_seed20260930,fgl10,20260930,30,1320,0.998128842474335,0,16473760,True,True,6
jitter10_seed20260930,jitter10,20260930,30,1320,0.6659886815407008,0,3314232,True,True,7
soft_fgl10_seed20260930,soft_fgl10,20260930,30,1320,0.9983340360139069,0,16365900,True,True,8
mal_seed20261001,mal,20261001,30,1320,,0,0,True,True,22
cx_l1half_seed20261001,cx_l1half,20261001,30,1320,,0,0,True,True,3
edge_seed20261001,edge,20261001,30,1320,,0,0,True,True,7
edge_half_seed20261001,edge_half,20261001,30,1320,,0,0,True,True,4
soft05_seed20261001,soft05,20261001,30,1320,,0,0,True,True,4
soft10_seed20261001,soft10,20261001,30,1320,,0,0,True,True,9
soft20_seed20261001,soft20,20261001,30,1320,,0,0,True,True,5
hard10_seed20261001,hard10,20261001,30,1320,,0,0,True,True,3
fgl05_seed20261001,fgl05,20261001,30,1320,0.9963697700076382,0,16496200,True,True,9
fgl10_seed20261001,fgl10,20261001,30,1320,0.9978586510377283,0,16557320,True,True,5
jitter10_seed20261001,jitter10,20261001,30,1320,0.6654654824639888,0,3285924,True,True,6
soft_fgl10_seed20261001,soft_fgl10,20261001,30,1320,0.9981746377414445,0,16347440,True,True,4
