variant,setting,AP,AP_std,AP50,AP50_std,AP75,AP75_std,TP_FP6,TP_FP6_std,TP_FP33,TP_FP33_std,TP_FP6_iou0.3,TP_FP6_iou0.3_std,TP_FP6_iou0.75,TP_FP6_iou0.75_std
dfine_M,native,39.00490621567321,0.028986558657579427,97.17054845650561,1.0020890880718865,18.791275047360273,1.4814644129717713,139.33333333333334,3.7859388972001824,141.66666666666666,0.5773502691896258,142.66666666666666,2.3094010767585034,5.333333333333333,2.309401076758503
dfine_M,nms07,38.36178101772155,0.06837950277551101,97.29134255000592,1.3346825849434667,17.42465742210473,2.0346278120656427,141.66666666666666,0.5773502691896258,141.66666666666666,0.5773502691896258,144.0,0.0,5.333333333333333,2.309401076758503
dfine_M,nms07_scale095,37.270986695396296,0.7815158905823775,96.76617551362055,0.3202367041828712,17.73957078691952,2.6565998175531504,141.0,0.0,141.0,0.0,143.66666666666666,0.5773502691896258,3.6666666666666665,0.5773502691896258
dfine_base_UQ,native,38.92774523212096,0.9737146134493808,95.57829552415342,1.1512240322801612,18.554154275863322,0.4938629412381979,121.33333333333333,19.347695814575268,139.66666666666666,1.5275252316519465,134.0,2.6457513110645907,4.666666666666667,1.5275252316519465
dfine_base_UQ,nms07,38.85059616209674,0.9326569069089443,97.1102561600339,0.543101678650434,17.10540365058608,0.3101290421696972,140.33333333333334,1.1547005383792515,140.33333333333334,1.1547005383792515,144.0,0.0,4.666666666666667,1.5275252316519465
dfine_base_UQ,nms07_scale095,38.0119197004526,1.3613596073945007,97.3638235733077,0.6105047926502979,16.44187070194221,2.890338894227022,140.66666666666666,0.5773502691896258,141.0,1.0,144.0,0.0,2.6666666666666665,2.886751345948129
dfine_mal_UQ,native,39.8281636780874,0.22486520846611283,97.16063063676636,0.9672630982858466,20.710684069213496,1.1373698568558415,138.33333333333334,5.507570547286101,141.66666666666666,0.5773502691896258,140.66666666666666,4.932882862316247,5.0,1.0
dfine_mal_UQ,nms07,39.3798732300482,0.6174095582895814,97.46669199348291,1.3622355191629942,19.05004605485419,0.7708628080668865,141.66666666666666,0.5773502691896258,142.0,1.0,144.0,0.0,5.0,1.0
dfine_mal_UQ,nms07_scale095,38.38950601212456,0.34552693720606037,97.17104544814804,0.12925822746448148,19.60250250768452,2.0185255430404965,141.0,0.0,141.33333333333334,0.5773502691896258,143.66666666666666,0.5773502691896258,3.6666666666666665,0.5773502691896258
dfine_s,native,38.96261809489654,1.60210456654014,95.71659499782847,1.3218178320793472,18.34560749253409,1.4278124864772983,122.66666666666667,10.115993936995679,140.33333333333334,0.5773502691896258,132.33333333333334,5.507570547286101,4.666666666666667,3.0550504633038935
dfine_s,nms07,38.679979293456086,1.4118301614877453,96.6943103209261,1.042832040727114,16.762274564884095,0.7142172486805014,140.33333333333334,1.1547005383792515,140.33333333333334,1.1547005383792515,144.0,0.0,4.666666666666667,3.0550504633038935
dfine_s,nms07_scale095,37.85052732438768,1.7009075876998656,97.12033400760458,0.5763571393851384,16.58393587959978,2.7078139688886878,140.66666666666666,0.5773502691896258,140.66666666666666,0.5773502691896258,144.0,0.0,2.6666666666666665,2.081665999466133
