control,treatment,setting,seed,delta_AP,delta_AP75,delta_TP_FP6
dfine_s,dfine_base_UQ,native,20260929,-0.754995762686228,-0.7211357530090154,5
dfine_s,dfine_base_UQ,native,20260930,0.46858116252957416,1.1510126463200727,-12
dfine_s,dfine_base_UQ,native,20261001,0.1817960118299098,0.1957634566766302,3
dfine_s,dfine_base_UQ,nms07,20260929,-0.6043508739833925,-0.6201808701021996,0
dfine_s,dfine_base_UQ,nms07,20260930,0.9490365700558243,1.3026068596143272,0
dfine_s,dfine_base_UQ,nms07,20261001,0.16716490984952515,0.3469612675938336,0
dfine_s,dfine_base_UQ,nms07_scale095,20260929,-0.5106776026672506,-1.4683871127252885,0
dfine_s,dfine_base_UQ,nms07_scale095,20260930,0.8261775990034721,0.88858752517136,0
dfine_s,dfine_base_UQ,nms07_scale095,20261001,0.16867713185853717,0.15360405458121562,0
dfine_M,dfine_mal_UQ,native,20260929,0.6221997035074978,0.8399197574850454,0
dfine_M,dfine_mal_UQ,native,20260930,0.7496834726619355,2.592497755982265,-3
dfine_M,dfine_mal_UQ,native,20261001,1.0978892110731522,2.3258095520923625,0
dfine_M,dfine_mal_UQ,nms07,20260929,0.3912423935939131,-0.00889781812527346,0
dfine_M,dfine_mal_UQ,nms07,20260930,0.9134435519771031,1.972928214368352,0
dfine_M,dfine_mal_UQ,nms07,20261001,1.749590691408919,2.91213550200529,0
dfine_M,dfine_mal_UQ,nms07_scale095,20260929,0.7461170092640401,1.2525174554260339,0
dfine_M,dfine_mal_UQ,nms07_scale095,20260930,0.8275518406919176,1.3642582818846059,0
dfine_M,dfine_mal_UQ,nms07_scale095,20261001,1.7818891002288453,2.9720194249843654,0
dfine_base_UQ,dfine_mal_UQ,native,20260929,-0.4219826958587092,1.8267170155489367,8
dfine_base_UQ,dfine_mal_UQ,native,20260930,1.398369268403357,3.647628032183494,33
dfine_base_UQ,dfine_mal_UQ,native,20261001,1.7248687653546781,0.9952443323180908,10
dfine_base_UQ,dfine_mal_UQ,nms07,20260929,-0.8695040245983137,2.559016049019501,0
dfine_base_UQ,dfine_mal_UQ,nms07,20260930,0.2615876346885102,2.3829221813778467,3
dfine_base_UQ,dfine_mal_UQ,nms07,20261001,2.1957475937641604,0.8919889824069642,1
dfine_base_UQ,dfine_mal_UQ,nms07_scale095,20260929,-0.40682760185083566,2.365559441242425,0
dfine_base_UQ,dfine_mal_UQ,nms07_scale095,20260930,-0.19513509326771583,2.506009852261748,0
dfine_base_UQ,dfine_mal_UQ,nms07_scale095,20261001,1.7347216301344446,4.61032612372275,1
