model,axis,value,GT,images,TP,FN
yolov8s,size_bin,12to16,20,12,20,0
yolov8s,size_bin,8to12,104,58,104,0
yolov8s,size_bin,ge16,1,1,0,1
yolov8s,size_bin,lt8,17,13,10,7
yolov8s,machine,1호기,38,20,37,1
yolov8s,machine,2호기,57,21,51,6
yolov8s,machine,3호기,47,23,46,1
yolov8s,date,20200629,102,34,95,7
yolov8s,date,20200715,15,5,14,1
yolov8s,date,20200811,4,4,4,0
yolov8s,date,20200818,7,7,7,0
yolov8s,date,20200904,3,3,3,0
yolov8s,date,20200907,11,11,11,0
yolov8s,contrast_bin,high,56,40,53,3
yolov8s,contrast_bin,low,42,34,38,4
yolov8s,contrast_bin,mid,44,34,43,1
yolov8s,mask_overlap,False,131,62,123,8
yolov8s,mask_overlap,True,11,9,11,0
yolov8s,object_count,1,25,25,25,0
yolov8s,object_count,3,117,39,109,8
yolov8s_p2,size_bin,12to16,20,12,6,14
yolov8s_p2,size_bin,8to12,104,58,76,28
yolov8s_p2,size_bin,ge16,1,1,0,1
yolov8s_p2,size_bin,lt8,17,13,10,7
yolov8s_p2,machine,1호기,38,20,31,7
yolov8s_p2,machine,2호기,57,21,48,9
yolov8s_p2,machine,3호기,47,23,13,34
yolov8s_p2,date,20200629,102,34,67,35
yolov8s_p2,date,20200715,15,5,11,4
yolov8s_p2,date,20200811,4,4,0,4
yolov8s_p2,date,20200818,7,7,1,6
yolov8s_p2,date,20200904,3,3,3,0
yolov8s_p2,date,20200907,11,11,10,1
yolov8s_p2,contrast_bin,high,56,40,39,17
yolov8s_p2,contrast_bin,low,42,34,24,18
yolov8s_p2,contrast_bin,mid,44,34,29,15
yolov8s_p2,mask_overlap,False,131,62,89,42
yolov8s_p2,mask_overlap,True,11,9,3,8
yolov8s_p2,object_count,1,25,25,14,11
yolov8s_p2,object_count,3,117,39,78,39
dfine_s,size_bin,12to16,20,12,14,6
dfine_s,size_bin,8to12,104,58,88,16
dfine_s,size_bin,ge16,1,1,0,1
dfine_s,size_bin,lt8,17,13,11,6
dfine_s,machine,1호기,38,20,34,4
dfine_s,machine,2호기,57,21,48,9
dfine_s,machine,3호기,47,23,31,16
dfine_s,date,20200629,102,34,87,15
dfine_s,date,20200715,15,5,15,0
dfine_s,date,20200811,4,4,0,4
dfine_s,date,20200818,7,7,2,5
dfine_s,date,20200904,3,3,2,1
dfine_s,date,20200907,11,11,7,4
dfine_s,contrast_bin,high,56,40,48,8
dfine_s,contrast_bin,low,42,34,33,9
dfine_s,contrast_bin,mid,44,34,32,12
dfine_s,mask_overlap,False,131,62,104,27
dfine_s,mask_overlap,True,11,9,9,2
dfine_s,object_count,1,25,25,11,14
dfine_s,object_count,3,117,39,102,15
dfine_s_p2,size_bin,12to16,20,12,20,0
dfine_s_p2,size_bin,8to12,104,58,96,8
dfine_s_p2,size_bin,ge16,1,1,0,1
dfine_s_p2,size_bin,lt8,17,13,8,9
dfine_s_p2,machine,1호기,38,20,35,3
dfine_s_p2,machine,2호기,57,21,44,13
dfine_s_p2,machine,3호기,47,23,45,2
dfine_s_p2,date,20200629,102,34,89,13
dfine_s_p2,date,20200715,15,5,14,1
dfine_s_p2,date,20200811,4,4,4,0
dfine_s_p2,date,20200818,7,7,6,1
dfine_s_p2,date,20200904,3,3,2,1
dfine_s_p2,date,20200907,11,11,9,2
dfine_s_p2,contrast_bin,high,56,40,51,5
dfine_s_p2,contrast_bin,low,42,34,34,8
dfine_s_p2,contrast_bin,mid,44,34,39,5
dfine_s_p2,mask_overlap,False,131,62,113,18
dfine_s_p2,mask_overlap,True,11,9,11,0
dfine_s_p2,object_count,1,25,25,21,4
dfine_s_p2,object_count,3,117,39,103,14
