model,FP_budget_total,FP_per_image_budget,TP,actual_FP,recall,threshold
yolov8s,0,0.0,14,0,0.09859154929577464,0.9068992137908936
yolov8s,3,0.046875,45,3,0.31690140845070425,0.8903871774673462
yolov8s,6,0.09375,134,6,0.9436619718309859,0.7843811511993408
yolov8s,7,0.109375,135,7,0.9507042253521126,0.7166262865066528
yolov8s,8,0.125,135,8,0.9507042253521126,0.024812497198581696
yolov8s,12,0.1875,135,12,0.9507042253521126,0.009968847967684269
yolov8s,16,0.25,135,16,0.9507042253521126,0.004823427647352219
yolov8s,32,0.5,135,32,0.9507042253521126,0.001329018734395504
yolov8s_p2,0,0.0,13,0,0.09154929577464789,0.8923676013946533
yolov8s_p2,3,0.046875,68,3,0.4788732394366197,0.8615461587905884
yolov8s_p2,6,0.09375,92,6,0.647887323943662,0.8481985330581665
yolov8s_p2,7,0.109375,112,7,0.7887323943661971,0.8319475054740906
yolov8s_p2,8,0.125,134,8,0.9436619718309859,0.749749481678009
yolov8s_p2,12,0.1875,134,12,0.9436619718309859,0.016041072085499763
yolov8s_p2,16,0.25,134,16,0.9436619718309859,0.00645814836025238
yolov8s_p2,32,0.5,134,32,0.9436619718309859,0.002069453475996852
dfine_s,0,0.0,29,0,0.20422535211267606,0.7949232459068298
dfine_s,3,0.046875,38,3,0.2676056338028169,0.7911199331283569
dfine_s,6,0.09375,113,6,0.795774647887324,0.7551202178001404
dfine_s,7,0.109375,115,7,0.8098591549295775,0.7518054246902466
dfine_s,8,0.125,120,8,0.8450704225352113,0.7419160604476929
dfine_s,12,0.1875,131,12,0.9225352112676056,0.7106606364250183
dfine_s,16,0.25,133,16,0.9366197183098591,0.6700018048286438
dfine_s,32,0.5,135,32,0.9507042253521126,0.3298310935497284
dfine_s_p2,0,0.0,16,0,0.11267605633802817,0.7964159846305847
dfine_s_p2,3,0.046875,94,3,0.6619718309859155,0.7518290877342224
dfine_s_p2,6,0.09375,124,6,0.8732394366197183,0.7137823104858398
dfine_s_p2,7,0.109375,125,7,0.8802816901408451,0.7111074924468994
dfine_s_p2,8,0.125,130,8,0.9154929577464789,0.6977483630180359
dfine_s_p2,12,0.1875,131,12,0.9225352112676056,0.6665449142456055
dfine_s_p2,16,0.25,133,16,0.9366197183098591,0.5865333080291748
dfine_s_p2,32,0.5,134,32,0.9436619718309859,0.3904493749141693
