model,NMS_0.7,box_scale,AP50_95,AP50,AP75,TP_FP0.1,FP
dfine_s_p2,False,1.0,0.37250633063860905,0.9294660883668135,0.1672659725395273,124,6
dfine_s_p2,True,1.0,0.3743473578144508,0.9365781558206643,0.16018313928946773,131,6
dfine_s_p2,False,0.95,0.3848932802085048,0.930160473828842,0.18862026511694824,122,6
dfine_s_p2,True,0.95,0.38781585276985403,0.9433581099447763,0.18430743117387038,136,6
dfine_s_p2,False,0.9,0.3697431833050694,0.9245106310405653,0.18404253584139446,113,6
dfine_s_p2,True,0.9,0.37330743767673297,0.938549182361597,0.17939522576221173,136,6
dfine_s,False,1.0,0.3568775695826049,0.9235986939838468,0.1829231895568892,113,6
dfine_s,True,1.0,0.3543760187261527,0.9287460293006123,0.1744636292159214,122,6
dfine_s,False,0.95,0.38110092777991855,0.9442352252487587,0.22567043565890743,125,6
dfine_s,True,0.95,0.3765855681918958,0.9503888732473279,0.20306962373880108,137,6
dfine_s,False,0.9,0.37327910256864744,0.9690457727194606,0.17186729852677435,128,6
dfine_s,True,0.9,0.3711243047188953,0.9663637228351308,0.16073209835826682,139,6
