variable,bin,GT,TP,FN,recall,images,groups
x,하위 구간,49,49,0,1.0,21,6
x,중간 구간,35,34,1,0.9714285714285714,20,6
x,상위 구간,60,59,1,0.9833333333333333,37,6
y,하위 구간,57,56,1,0.9824561403508771,47,10
y,중간 구간,47,47,0,1.0,46,9
y,상위 구간,40,39,1,0.975,36,8
border,하위 구간,37,36,1,0.972972972972973,35,7
border,중간 구간,64,63,1,0.984375,38,7
border,상위 구간,43,43,0,1.0,25,6
aspect,하위 구간,34,34,0,1.0,24,9
aspect,중간 구간,53,52,1,0.9811320754716981,38,10
aspect,상위 구간,57,56,1,0.9824561403508771,36,11
contrast,하위 구간,62,61,1,0.9838709677419355,43,10
contrast,중간 구간,42,42,0,1.0,35,10
contrast,상위 구간,40,39,1,0.975,27,7
background_std,하위 구간,61,60,1,0.9836065573770492,43,11
background_std,중간 구간,51,51,0,1.0,38,9
background_std,상위 구간,32,31,1,0.96875,24,8
